{
  "Direct SSR": {
    "per_q": [
      0.018255117674789413,
      0.05169171255461415,
      0.014612717876082919,
      0.04742811824887788,
      0.03113282668136779,
      0.019691316178629133,
      0.017570264962469953,
      0.048704502187101296,
      0.008352588603791901,
      0.05515878014773982,
      0.0039269872489800465,
      0.014726075600713682,
      0.08441284495077389,
      0.10752191519065976,
      0.017086230633491763,
      0.031078937906494422,
      0.012394748465129075,
      0.06629633240987709,
      0.02739269311218002,
      0.009095274092370462,
      0.07352078954546634,
      0.05223877281810509,
      0.030659534823599646
    ],
    "mean": 0.0366499600831872,
    "median": 0.030659534823599646
  },
  "Multi-layer steer": {
    "per_q": [
      0.011312916866057142,
      0.06475253109445268,
      0.022312399549711717,
      0.1256875032835198,
      0.0588275709941628,
      0.039438070069106435,
      0.025806423752109345,
      0.03456336511487072,
      0.008311131834823125,
      0.046093443014563903,
      0.0074320498543071255,
      0.038831266329281314,
      0.06161542673159534,
      0.08649055827000947,
      0.021516679612323494,
      0.023821216892340583,
      0.023837231791123188,
      0.04643656323649402,
      0.01486876841261675,
      0.016072407473284964,
      0.05079187356530897,
      0.03599266915795074,
      0.027594441446290842
    ],
    "mean": 0.038800282971578455,
    "median": 0.03456336511487072
  },
  "Ensemble w=0.5": {
    "per_q": [
      0.014450009914519798,
      0.058032262434130344,
      0.015571635523799717,
      0.08001415875055436,
      0.043320159354849196,
      0.028491219051653097,
      0.020916739709974874,
      0.0392823052948619,
      0.00823332920060408,
      0.04911628714661274,
      0.004247007512736276,
      0.024949519784332,
      0.06651276210345883,
      0.09644503744657713,
      0.01871177189297455,
      0.026260811326131,
      0.017477886164095558,
      0.053933117767478306,
      0.019421319449326725,
      0.01224628947151585,
      0.061178074694925755,
      0.04343968943154325,
      0.02883807536025984
    ],
    "mean": 0.03613432472986588,
    "median": 0.028491219051653097
  },
  "Ensemble w=0.7": {
    "per_q": [
      0.015889319338777845,
      0.05544874290629286,
      0.014431340438035638,
      0.06571094391835815,
      0.03801413237290627,
      0.024708202369238198,
      0.01938045111139083,
      0.04244913301606716,
      0.00825696529908305,
      0.051185844985291266,
      0.0038180776816552644,
      0.020466417609455747,
      0.07186824811683802,
      0.10073632284601099,
      0.0179229905271012,
      0.027920983420588127,
      0.015301054753293367,
      0.058268999013374144,
      0.02220927602858348,
      0.010902974618705116,
      0.06587169426936682,
      0.0467942904441379,
      0.029497014806052272
    ],
    "mean": 0.03595884434306972,
    "median": 0.027920983420588127
  },
  "SSR + KL": {
    "per_q": [
      0.0210171652286557,
      0.04184871779859044,
      0.018075467473116124,
      0.04568425964198204,
      0.019573229188823975,
      0.0175238690812064,
      0.019441763564676726,
      0.04918964816133815,
      0.011528421893287698,
      0.05677091373842066,
      0.0059798323577975885,
      0.020505748218241707,
      0.08874127053509391,
      0.09253856935420136,
      0.016959574205014667,
      0.028092076194384023,
      0.012522846675033172,
      0.06827984192306355,
      0.02989172715563116,
      0.006801921932448441,
      0.09193861716437023,
      0.05214719848917841,
      0.02950418636988591
    ],
    "mean": 0.03671986375410618,
    "median": 0.028092076194384023
  },
  "SSR + KL + QAW": {
    "per_q": [
      0.021260107420099313,
      0.041726123281613584,
      0.019690313741299623,
      0.045087724014774656,
      0.01841503475538846,
      0.015662193700850417,
      0.01952545532379579,
      0.05113297873184751,
      0.012076290498687301,
      0.05554490723625136,
      0.007785596616131124,
      0.02067573342218088,
      0.09371612792506966,
      0.08970076203081928,
      0.01700905463756809,
      0.028695098288736592,
      0.013230201128851466,
      0.07097046721806032,
      0.03130667583183939,
      0.006062848535401601,
      0.10411553966148367,
      0.05189623006202464,
      0.029089303307517075
    ],
    "mean": 0.0375815116247953,
    "median": 0.028695098288736592
  },
  "Ensemble + KL": {
    "per_q": [
      0.01860781126493995,
      0.047303269410848676,
      0.01914669945569477,
      0.06077515685491905,
      0.03380413870885741,
      0.017743127384865144,
      0.019906522686381423,
      0.039303544314142756,
      0.010927929364022187,
      0.04903313375077971,
      0.004841059409396927,
      0.026625686877563056,
      0.06817514788341292,
      0.08833232096648026,
      0.017779685986145675,
      0.0260243160162513,
      0.018077980392167087,
      0.06061292658531692,
      0.025042002052976173,
      0.008539825452562946,
      0.0677376186696978,
      0.044388609734109054,
      0.02918673687031858
    ],
    "mean": 0.03486588043877607,
    "median": 0.026625686877563056
  },
  "Ensemble + KL + QAW": {
    "per_q": [
      0.018840397528252048,
      0.047120432125170864,
      0.02104100837178843,
      0.05898606759659979,
      0.03357761782872568,
      0.013123563898554472,
      0.019612627544230373,
      0.04036796322772499,
      0.011285850698367633,
      0.046723447725090905,
      0.005685008871536526,
      0.02728217376569415,
      0.06959747142465027,
      0.08619984007601399,
      0.018184445001895217,
      0.02664324249256861,
      0.020562833422577566,
      0.06387450747317387,
      0.027531572192076224,
      0.007636063866653358,
      0.07131515414948562,
      0.04324727529774619,
      0.02899213971379872
    ],
    "mean": 0.035105682795320683,
    "median": 0.027531572192076224
  },
  "Steer only": {
    "per_q": [
      0.011312916866057142,
      0.06475253109445268,
      0.022312399549711717,
      0.1256875032835198,
      0.0588275709941628,
      0.039438070069106435,
      0.025806423752109345,
      0.03456336511487072,
      0.008311131834823125,
      0.046093443014563903,
      0.0074320498543071255,
      0.038831266329281314,
      0.06161542673159534,
      0.08649055827000947,
      0.021516679612323494,
      0.023821216892340583,
      0.023837231791123188,
      0.04643656323649402,
      0.01486876841261675,
      0.016072407473284964,
      0.05079187356530897,
      0.03599266915795074,
      0.027594441446290842
    ],
    "mean": 0.038800282971578455,
    "median": 0.03456336511487072
  },
  "KL only": {
    "per_q": [
      0.0210171652286557,
      0.04184871779859044,
      0.018075467473116124,
      0.04568425964198204,
      0.019573229188823975,
      0.0175238690812064,
      0.019441763564676726,
      0.04918964816133815,
      0.011528421893287698,
      0.05677091373842066,
      0.0059798323577975885,
      0.020505748218241707,
      0.08874127053509391,
      0.09253856935420136,
      0.016959574205014667,
      0.028092076194384023,
      0.012522846675033172,
      0.06827984192306355,
      0.02989172715563116,
      0.006801921932448441,
      0.09193861716437023,
      0.05214719848917841,
      0.02950418636988591
    ],
    "mean": 0.03671986375410618,
    "median": 0.028092076194384023
  },
  "question_types": {
    "0": "场景/原因",
    "1": "方法/行为",
    "2": "季节/时间",
    "3": "场景/原因",
    "4": "方法/行为",
    "5": "场景/原因",
    "6": "季节/时间",
    "7": "方法/行为",
    "8": "季节/时间",
    "9": "场景/原因",
    "10": "方法/行为",
    "11": "季节/时间",
    "12": "方法/行为",
    "13": "方法/行为",
    "14": "方法/行为",
    "15": "方法/行为",
    "16": "方法/行为",
    "17": "方法/行为",
    "18": "购买/频率",
    "19": "方法/行为",
    "20": "购买/频率",
    "21": "购买/频率",
    "22": "消费/渠道"
  },