{
  "config": {
    "questions": "/data/chenhongrui/business/results/questions_expanded_13q.json",
    "device": "cuda:0",
    "seed": 123,
    "top_k": 10,
    "n_posts_cluster": 50,
    "n_posts_c2": 50,
    "n_samples_m1": 3,
    "n_samples_paper": 100,
    "n_samples_direct": 100,
    "methods": "m1,c2",
    "question_keys": "9.0/qsingle_3,9.0/qsingle_4,9.0/qsingle_5,8.0/qsingle_3,8.0/qsingle_4",
    "tag": "s123_shard0",
    "output_dir": "/data/chenhongrui/business/results/table1"
  },
  "top_clusters": [
    "46",
    "63",
    "58",
    "27",
    "22",
    "20",
    "61",
    "53",
    "56",
    "48"
  ],
  "per_question": {
    "9.0/qsingle_3": {
      "question": "请问您觉得产生湿气的原因是? ",
      "options": [
        "环境潮湿",
        "其他",
        "久坐不运动",
        "爱吃冷饮、火锅",
        "体质问题"
      ],
      "true": [
        170,
        14,
        248,
        269,
        183
      ],
      "preds": {
        "m0": [
          0.20692815356659247,
          0.13171025381853496,
          0.20297857878204137,
          0.2167026740624833,
          0.24168033977034792
        ],
        "m1": [
          0.1965289663756153,
          0.18746425903915237,
          0.20444673809719136,
          0.2206413650976113,
          0.19091867139042987
        ],
        "c2": [
          0.1836704054180415,
          0.14699509411851502,
          0.21946948483567624,
          0.18540061656337573,
          0.2644643990643914
        ]
      },
      "metrics": {
        "m0": {
          "js": 0.03361363399394161,
          "k_xy": 0.8695063890288033,
          "c_xy": 0.9422077632081653
        },
        "m1": {
          "js": 0.04916512218947713,
          "k_xy": 0.8241515710036986,
          "c_xy": 0.9116925668949573
        },
        "c2": {
          "js": 0.04142327627939336,
          "k_xy": 0.877479296876577,
          "c_xy": 0.9204337453506756
        }
      },
      "parse_strats": {
        "m1": {
          "fail": 16,
          "s3": 6,
          "s1": 8
        },
        "c2": {
          "fail": 49,
          "s1": 410,
          "s2": 2,
          "s3": 39
        }
      },
      "c2_n_total": 500
    },
    "9.0/qsingle_4": {
      "question": "您觉得湿气重更容易发生在哪个季节?",
      "options": [
        "全年",
        "秋",
        "春",
        "夏",
        "冬"
      ],
      "true": [
        258,
        100,
        152,
        254,
        120
      ],
      "preds": {
        "m0": [
          0.2013870622153619,
          0.19070691553435445,
          0.1731765028374011,
          0.271243234557258,
          0.1634862848556245
        ],
        "m1": [
          0.17422432863426973,
          0.1721367565214199,
          0.21981465624863242,
          0.23270691228954887,
          0.2011173463061292
        ],
        "c2": [
          0.18146379033653193,
          0.16372207321836432,
          0.16287770532680146,
          0.27243501276668863,
          0.2195014183516135
        ]
      },
      "metrics": {
        "m0": {
          "js": 0.009940862913966618,
          "k_xy": 0.9095318585753467,
          "c_xy": 0.9661960193902492
        },
        "m1": {
          "js": 0.016671877029472263,
          "k_xy": 0.8823691249969708,
          "c_xy": 0.939381250000439
        },
        "c2": {
          "js": 0.013965284815859631,
          "k_xy": 0.8896085866985091,
          "c_xy": 0.9505103218877662
        }
      },
      "parse_strats": {
        "m1": {
          "s1": 8,
          "s3": 6,
          "fail": 15,
          "s2": 1
        },
        "c2": {
          "fail": 105,
          "s1": 334,
          "s3": 60,
          "s2": 1
        }
      },
      "c2_n_total": 500
    },
    "9.0/qsingle_5": {
      "question": "您一般用什么方法来缓解湿气重的症状?",
      "options": [
        "刮痧、蒸桑拿、运动等",
        "对症中药",
        "饮食调理",
        "不在意"
      ],
      "true": [
        303,
        77,
        327,
        176
      ],
      "preds": {
        "m0": [
          0.20330919255628735,
          0.35436661816292403,
          0.2107704858507454,
          0.23155370343004322
        ],
        "m1": [
          0.20422520282732665,
          0.2488586236047653,
          0.3638055201678112,
          0.18311065340009683
        ],
        "c2": [
          0.25783849896512445,
          0.23373200590044432,
          0.36511483358365904,
          0.14331466155077213
        ]
      },
      "metrics": {
        "m0": {
          "js": 0.064074399764279,
          "k_xy": 0.8601608346651006,
          "c_xy": 0.7946769622066769
        },
        "m1": {
          "js": 0.029367685878792908,
          "k_xy": 0.8610768449360483,
          "c_xy": 0.9215129356908731
        },
        "c2": {
          "js": 0.0227068381568898,
          "k_xy": 0.9146901410684849,
          "c_xy": 0.9457663093280152
        }
      },
      "parse_strats": {
        "m1": {
          "s3": 12,
          "s1": 8,
          "fail": 10
        },
        "c2": {
          "s1": 441,
          "fail": 30,
          "s3": 28,
          "s2": 1
        }
      },
      "c2_n_total": 500
    },
    "8.0/qsingle_3": {
      "question": "请问您认为哪个季节容易发生肠胃感冒?",
      "options": [
        "全年",
        "冬",
        "夏",
        "秋",
        "春"
      ],
      "true": [
        232,
        123,
        263,
        119,
        153
      ],
      "preds": {
        "m0": [
          0.19186962391745066,
          0.17046559837985767,
          0.24894895342602436,
          0.19879919773320537,
          0.18991662654346197
        ],
        "m1": [
          0.2686437912697261,
          0.2121586540194606,
          0.23777451584975529,
          0.14416206929136796,
          0.13726096956969
        ],
        "c2": [
          0.21406206721541735,
          0.15661482497637444,
          0.28766274085316457,
          0.14043061834016213,
          0.20122974861488135
        ]
      },
      "metrics": {
        "m0": {
          "js": 0.007896871231785558,
          "k_xy": 0.9169021531903723,
          "c_xy": 0.9715031905667796
        },
        "m1": {
          "js": 0.006599005119987116,
          "k_xy": 0.9180739592532308,
          "c_xy": 0.9768000352252192
        },
        "c2": {
          "js": 0.0020778084631836355,
          "k_xy": 0.9533879098906697,
          "c_xy": 0.9921955854184282
        }
      },
      "parse_strats": {
        "m1": {
          "s1": 13,
          "fail": 12,
          "s3": 5
        },
        "c2": {
          "s1": 419,
          "s3": 35,
          "fail": 46
        }
      },
      "c2_n_total": 500
    },
    "8.0/qsingle_4": {
      "question": "请问您发生肠胃感冒的场景往往是? ",
      "options": [
        "冷热刺激(高温乘凉不当、猛吹空调等)",
        "天气变化大",
        "饮食不良(喜吃辛辣、冰饮等)",
        "病毒感染",
        "其他"
      ],
      "true": [
        303,
        157,
        275,
        138,
        17
      ],
      "preds": {
        "m0": [
          0.24520225963940057,
          0.2644901687282019,
          0.14953553721898985,
          0.21854215615307498,
          0.1222298782603327
        ],
        "m1": [
          0.20239750983660942,
          0.18496844848012178,
          0.21570796173843712,
          0.22978964916223427,
          0.16713643078259732
        ],
        "c2": [
          0.20362162097378952,
          0.1533952892890696,
          0.22798135758331856,
          0.25465133551461966,
          0.16035039663920259
        ]
      },
      "metrics": {
        "m0": {
          "js": 0.046179439816361814,
          "k_xy": 0.8333852688915491,
          "c_xy": 0.8870444084599359
        },
        "m1": {
          "js": 0.05049681999735127,
          "k_xy": 0.7772312233657404,
          "c_xy": 0.8905471821276258
        },
        "c2": {
          "js": 0.05005311779788159,
          "k_xy": 0.7591555711585574,
          "c_xy": 0.889625491334396
        }
      },
      "parse_strats": {
        "m1": {
          "s3": 7,
          "fail": 17,
          "s1": 6
        },