{
  "config": {
    "questions": "/data/chenhongrui/business/results/questions_expanded_13q.json",
    "device": "cuda:0",
    "seed": 42,
    "top_k": 10,
    "n_posts_cluster": 50,
    "n_posts_c2": 50,
    "n_samples_m1": 3,
    "n_samples_paper": 100,
    "n_samples_direct": 100,
    "methods": "c2",
    "question_keys": "10.0/qsingle_5,7.0/qsingle_3,7.0/qsingle_4,7.0/qsingle_5",
    "tag": "c2_shard7",
    "output_dir": "/data/chenhongrui/business/results/table1"
  },
  "top_clusters": [
    "46",
    "63",
    "58",
    "27",
    "22",
    "20",
    "61",
    "53",
    "56",
    "48"
  ],
  "per_question": {
    "10.0/qsingle_5": {
      "question": "您一般用什么方法来解决这些症状?",
      "options": [
        "不在意",
        "对症中药",
        "饮食调理",
        "刮痧、蒸桑拿、运动等"
      ],
      "true": [
        171,
        54,
        255,
        291
      ],
      "preds": {
        "c2": [
          0.1526625369278275,
          0.23533625536138889,
          0.2509367338959156,
          0.36106447381486795
        ]
      },
      "metrics": {
        "c2": {
          "js": 0.029658811799532527,
          "k_xy": 0.9038300015238647,
          "c_xy": 0.9345852827681318
        }
      },
      "parse_strats": {
        "c2": {
          "s3": 148,
          "fail": 117,
          "s1": 232,
          "s2": 3
        }
      },
      "c2_n_total": 500
    },
    "7.0/qsingle_3": {
      "question": "请问您认为肠胃不适高发季节是？",
      "options": [
        "夏",
        "全年",
        "冬",
        "秋",
        "春"
      ],
      "true": [
        246,
        161,
        138,
        95,
        102
      ],
      "preds": {
        "c2": [
          0.42441142252164993,
          0.2596453991534817,
          0.08931316747221786,
          0.10672387361852566,
          0.11990613723412478
        ]
      },
      "metrics": {
        "c2": {
          "js": 0.013269956518251946,
          "k_xy": 0.8644606986088335,
          "c_xy": 0.9651007986551335
        }
      },
      "parse_strats": {
        "c2": {
          "fail": 26,
          "s1": 463,
          "s3": 11
        }
      },
      "c2_n_total": 500
    },
    "7.0/qsingle_4": {
      "question": "请问您哪种情况下容易发生肠胃不适？",
      "options": [
        "其他",
        "饮食不节制(吃多、吃杂等)",
        "受寒感冒",
        "刺激饮食(辛辣、冰饮等)",
        "不卫生饮食",
        "出差旅行、水土不服"
      ],
      "true": [
        10,
        188,
        107,
        231,
        106,
        100
      ],
      "preds": {
        "c2": [
          0.09892921962476134,
          0.15318419498056624,
          0.12162563570855284,
          0.12679876463380457,
          0.15715140552157308,
          0.342310779530742
        ]
      },
      "metrics": {
        "c2": {
          "js": 0.06862394873994428,
          "k_xy": 0.7781658472427421,
          "c_xy": 0.7773914903873493
        }
      },
      "parse_strats": {
        "c2": {
          "s3": 161,
          "fail": 245,
          "s1": 94
        }
      },
      "c2_n_total": 500
    },
    "7.0/qsingle_5": {
      "question": "您一般用什么方法来缓解肠胃不适的症状",
      "options": [
        "藿香正气类产品",
        "肠炎宁",
        "三九胃泰",
        "吗叮啉",
        "其他",
        "不在意"
      ],
      "true": [
        302,
        102,
        115,
        94,
        25,
        104
      ],
      "preds": {
        "c2": [
          0.3814984830514795,
          0.12534598036729475,
          0.09431530879167203,
          0.0895533154378352,
          0.15165530045848447,
          0.15763161189323396
        ]
      },
      "metrics": {
        "c2": {
          "js": 0.0262346129484558,
          "k_xy": 0.8645675350186747,
          "c_xy": 0.9582206046987417
        }
      },
      "parse_strats": {
        "c2": {
          "s1": 475,
          "s2": 3,
          "fail": 13,
          "s3": 9
        }
      },
      "c2_n_total": 500
    }
  },
  "summary": {
    "c2": {
      "js_mean": 0.034446832501546135,
      "js_std": 0.02385302945830201,
      "kxy_mean": 0.8527560205985287,
      "cxy_mean": 0.908824544127339,
      "n_questions": 4
    }
  }
}