{
  "config": {
    "questions": "/data/chenhongrui/business/results/questions_expanded_13q.json",
    "device": "cuda:0",
    "seed": 123,
    "top_k": 10,
    "n_posts_cluster": 50,
    "n_posts_c2": 50,
    "n_samples_m1": 3,
    "n_samples_paper": 100,
    "n_samples_direct": 100,
    "methods": "m1,c2",
    "question_keys": "10.0/qsingle_5,7.0/qsingle_3,7.0/qsingle_4,7.0/qsingle_5",
    "tag": "s123_shard7",
    "output_dir": "/data/chenhongrui/business/results/table1"
  },
  "top_clusters": [
    "46",
    "63",
    "58",
    "27",
    "22",
    "20",
    "61",
    "53",
    "56",
    "48"
  ],
  "per_question": {
    "10.0/qsingle_5": {
      "question": "您一般用什么方法来解决这些症状?",
      "options": [
        "不在意",
        "对症中药",
        "饮食调理",
        "刮痧、蒸桑拿、运动等"
      ],
      "true": [
        171,
        54,
        255,
        291
      ],
      "preds": {
        "m0": [
          0.18387119509038014,
          0.4123353282384274,
          0.20642663817715698,
          0.19736683849403536
        ],
        "m1": [
          0.2124720161770485,
          0.3265201378232415,
          0.2224667413310007,
          0.23854110466870918
        ],
        "c2": [
          0.1491777725673187,
          0.2571636534225913,
          0.24427711322990345,
          0.3493814607801865
        ]
      },
      "metrics": {
        "m0": {
          "js": 0.08974544911055893,
          "k_xy": 0.6956222705050943,
          "c_xy": 0.7188982437939805
        },
        "m1": {
          "js": 0.05827334135616397,
          "k_xy": 0.7528366398278903,
          "c_xy": 0.8312377840399552
        },
        "c2": {
          "js": 0.03555473920175364,
          "k_xy": 0.8854873678250053,
          "c_xy": 0.917494908385968
        }
      },
      "parse_strats": {
        "m1": {
          "s3": 14,
          "fail": 10,
          "s1": 6
        },
        "c2": {
          "s1": 228,
          "s3": 148,
          "fail": 124
        }
      },
      "c2_n_total": 500
    },
    "7.0/qsingle_3": {
      "question": "请问您认为肠胃不适高发季节是？",
      "options": [
        "夏",
        "全年",
        "冬",
        "秋",
        "春"
      ],
      "true": [
        246,
        161,
        138,
        95,
        102
      ],
      "preds": {
        "m0": [
          0.24224219732779545,
          0.21112442770546316,
          0.17526575790483978,
          0.1894174473043224,
          0.18195016975757916
        ],
        "m1": [
          0.3089318354038626,
          0.2448164675568031,
          0.16183189329665135,
          0.14620130065054973,
          0.13821850309213324
        ],
        "c2": [
          0.4144721030733766,
          0.27373525991858333,
          0.0968834667915112,
          0.1080619627144345,
          0.10684720750209425
        ]
      },
      "metrics": {
        "m0": {
          "js": 0.008127897095417853,
          "k_xy": 0.8941310351664393,
          "c_xy": 0.9692345190854851
        },
        "m1": {
          "js": 0.001340478458009145,
          "k_xy": 0.9773954472328523,
          "c_xy": 0.9951575548820264
        },
        "c2": {
          "js": 0.012476490507194883,
          "k_xy": 0.8603101572924201,
          "c_xy": 0.9668974135938492
        }
      },
      "parse_strats": {
        "m1": {
          "fail": 17,
          "s3": 4,
          "s2": 1,
          "s1": 8
        },
        "c2": {
          "s1": 463,
          "fail": 25,
          "s3": 11,
          "s2": 1
        }
      },
      "c2_n_total": 500
    },
    "7.0/qsingle_4": {
      "question": "请问您哪种情况下容易发生肠胃不适？",
      "options": [
        "其他",
        "饮食不节制(吃多、吃杂等)",
        "受寒感冒",
        "刺激饮食(辛辣、冰饮等)",
        "不卫生饮食",
        "出差旅行、水土不服"
      ],
      "true": [
        10,
        188,
        107,
        231,
        106,
        100
      ],
      "preds": {
        "m0": [
          0.1356342240162593,
          0.18811385251873516,
          0.21955661804641768,
          0.14470766416176983,
          0.10574301778748228,
          0.20624462346933578
        ],
        "m1": [
          0.11755636180142608,
          0.14114785970231725,
          0.1315704313024886,
          0.14744312900238496,
          0.1304470882638631,
          0.33183512992752
        ],
        "c2": [
          0.09815364394429747,
          0.15120907910685857,
          0.1181829656394266,
          0.13163247162270497,
          0.1719091144972152,
          0.32891272518949716
        ]
      },
      "metrics": {
        "m0": {
          "js": 0.05614673385357666,
          "k_xy": 0.8677465184108684,
          "c_xy": 0.8565119230330062
        },
        "m1": {
          "js": 0.06852150977885163,
          "k_xy": 0.8029357594936507,
          "c_xy": 0.7883283974218634
        },
        "c2": {
          "js": 0.065684582646128,
          "k_xy": 0.7768061926084806,
          "c_xy": 0.7897546191084864
        }
      },
      "parse_strats": {
        "m1": {
          "s1": 10,
          "fail": 15,
          "s3": 5
        },
        "c2": {
          "s3": 146,
          "s1": 100,
          "fail": 253,
          "s2": 1
        }
      },
      "c2_n_total": 500
    },
    "7.0/qsingle_5": {
      "question": "您一般用什么方法来缓解肠胃不适的症状",
      "options": [
        "藿香正气类产品",
        "肠炎宁",
        "三九胃泰",
        "吗叮啉",
        "其他",
        "不在意"
      ],
      "true": [
        302,
        102,
        115,
        94,
        25,
        104
      ],
      "preds": {
        "m0": [
          0.36118926928219985,
          0.1352678312323474,
          0.14720152646602663,
          0.11611375590523437,
          0.13058387351136433,
          0.10964374360282747
        ],
        "m1": [
          0.2723865961494656,
          0.1488115621154454,
          0.14205736563012017,
          0.13379641183793906,
          0.1518825770800546,
          0.15106548718697516
        ],
        "c2": [
          0.37538270289694403,
          0.12613144752415456,
          0.1012088861335051,
          0.09371785975334389,
          0.15145050728748083,
          0.1521085964045715
        ]
      },
      "metrics": {
        "m0": {
          "js": 0.01704560197427507,
          "k_xy": 0.9336268302492955,
          "c_xy": 0.9749633032278697
        },
        "m1": {
          "js": 0.027474449188792716,
          "k_xy": 0.8637946073967513,
          "c_xy": 0.9345119919310844
        },
        "c2": {
          "js": 0.024895391309418022,
          "k_xy": 0.870295343677768,
          "c_xy": 0.9603054225554073
        }
      },
      "parse_strats": {
        "m1": {
          "s1": 6,
          "fail": 19,
          "s3": 5
        },
        "c2": {
          "s1": 471,
          "fail": 16,
          "s2": 4,
          "s3": 9
        }
      },
      "c2_n_total": 500
    }
  },
  "summary": {
    "m0": {
      "js_mean": 0.04276642050845712,
      "js_std": 0.03762733812852333,
      "kxy_mean": 0.8477816635829243,
      "cxy_mean": 0.8799019972850853,
      "n_questions": 4
    },
    "m1": {
      "js_mean": 0.03890244469545437,
      "js_std": 0.030517869316067196,
      "kxy_mean": 0.8492406134877861,
      "cxy_mean": 0.8873089320687324,
      "n_questions": 4
    },
    "c2": {
      "js_mean": 0.03465280091612363,
      "js_std": 0.022736026885363466,
      "kxy_mean": 0.8482247653509185,
      "cxy_mean": 0.9086130909109278,
      "n_questions": 4
    }
  }
}