{
  "config": {
    "questions": "/data/chenhongrui/business/results/questions_expanded_13q.json",
    "device": "cuda:0",
    "seed": 789,
    "top_k": 10,
    "n_posts_cluster": 50,
    "n_posts_c2": 50,
    "n_samples_m1": 3,
    "n_samples_paper": 100,
    "n_samples_direct": 100,
    "methods": "m1,c2",
    "question_keys": "10.0/qsingle_5,7.0/qsingle_3,7.0/qsingle_4,7.0/qsingle_5",
    "tag": "s789_shard7",
    "output_dir": "/data/chenhongrui/business/results/table1"
  },
  "top_clusters": [
    "46",
    "63",
    "58",
    "27",
    "22",
    "20",
    "61",
    "53",
    "56",
    "48"
  ],
  "per_question": {
    "10.0/qsingle_5": {
      "question": "您一般用什么方法来解决这些症状?",
      "options": [
        "不在意",
        "对症中药",
        "饮食调理",
        "刮痧、蒸桑拿、运动等"
      ],
      "true": [
        171,
        54,
        255,
        291
      ],
      "preds": {
        "m0": [
          0.18805866351131023,
          0.4111514568851199,
          0.20373011653976764,
          0.19705976306380227
        ],
        "m1": [
          0.20997044891029637,
          0.37623092704755456,
          0.20568738805398218,
          0.20811123598816683
        ],
        "c2": [
          0.14776456725433393,
          0.23893664595927605,
          0.24190979299171664,
          0.37138899379467344
        ]
      },
      "metrics": {
        "m0": {
          "js": 0.08965367897180523,
          "k_xy": 0.6926186734377722,
          "c_xy": 0.7191628396521438
        },
        "m1": {
          "js": 0.07755210540910892,
          "k_xy": 0.7056274178750503,
          "c_xy": 0.7619416353998855
        },
        "c2": {
          "js": 0.03159867575750535,
          "k_xy": 0.9051275805993413,
          "c_xy": 0.9291497440844357
        }
      },
      "parse_strats": {
        "m1": {
          "s3": 14,
          "fail": 10,
          "s1": 6
        },
        "c2": {
          "s3": 153,
          "fail": 105,
          "s1": 240,
          "s2": 2
        }
      },
      "c2_n_total": 500
    },
    "7.0/qsingle_3": {
      "question": "请问您认为肠胃不适高发季节是？",
      "options": [
        "夏",
        "全年",
        "冬",
        "秋",
        "春"
      ],
      "true": [
        246,
        161,
        138,
        95,
        102
      ],
      "preds": {
        "m0": [
          0.24046436261321058,
          0.21210103006958242,
          0.17669224996289665,
          0.18856036994016342,
          0.18218198741414698
        ],
        "m1": [
          0.29848420799729064,
          0.2074475587847398,
          0.18810401812251476,
          0.14763157728851942,
          0.15833263780693535
        ],
        "c2": [
          0.4185936435626702,
          0.2645880080737414,
          0.09847961330632071,
          0.10825596420892586,
          0.11008277084834177
        ]
      },
      "metrics": {
        "m0": {
          "js": 0.008193786490324633,
          "k_xy": 0.894756294873968,
          "c_xy": 0.9687839912174362
        },
        "m1": {
          "js": 0.001207197645866232,
          "k_xy": 0.9574142465158778,
          "c_xy": 0.995850520594006
        },
        "c2": {
          "js": 0.011722891460644085,
          "k_xy": 0.8653358686474659,
          "c_xy": 0.9682405345682682
        }
      },
      "parse_strats": {
        "m1": {
          "fail": 12,
          "s3": 9,
          "s1": 9
        },
        "c2": {
          "s1": 461,
          "s3": 10,
          "fail": 27,
          "s2": 2
        }
      },
      "c2_n_total": 500
    },
    "7.0/qsingle_4": {
      "question": "请问您哪种情况下容易发生肠胃不适？",
      "options": [
        "其他",
        "饮食不节制(吃多、吃杂等)",
        "受寒感冒",
        "刺激饮食(辛辣、冰饮等)",
        "不卫生饮食",
        "出差旅行、水土不服"
      ],
      "true": [
        10,
        188,
        107,
        231,
        106,
        100
      ],
      "preds": {
        "m0": [
          0.13464652427589177,
          0.18827678501821074,
          0.2220726639513399,
          0.1460760881234294,
          0.10795589647697673,
          0.2009720421541515
        ],
        "m1": [
          0.18340464409614904,
          0.20802373882190608,
          0.16070215786116945,
          0.20156529920212843,
          0.1197567018066655,
          0.12654745821198152
        ],
        "c2": [
          0.09677567831819149,
          0.14192708943900886,
          0.1170979856080172,
          0.14097958605009656,
          0.16733604048596715,
          0.3358836200987188
        ]
      },
      "metrics": {
        "m0": {
          "js": 0.05510868164060661,
          "k_xy": 0.8660552397470072,
          "c_xy": 0.8595536235803326
        },
        "m1": {
          "js": 0.05149140601116733,
          "k_xy": 0.8300724448709766,
          "c_xy": 0.8951752774038888
        },
        "c2": {
          "js": 0.0655200137240972,
          "k_xy": 0.7744083717107468,
          "c_xy": 0.7882755426467122
        }
      },
      "parse_strats": {
        "m1": {
          "fail": 19,
          "s1": 6,
          "s3": 4,
          "s2": 1
        },
        "c2": {
          "fail": 232,
          "s3": 161,
          "s1": 107
        }
      },
      "c2_n_total": 500
    },
    "7.0/qsingle_5": {
      "question": "您一般用什么方法来缓解肠胃不适的症状",
      "options": [
        "藿香正气类产品",
        "肠炎宁",
        "三九胃泰",
        "吗叮啉",
        "其他",
        "不在意"
      ],
      "true": [
        302,
        102,
        115,
        94,
        25,
        104
      ],
      "preds": {
        "m0": [
          0.3610800588200051,
          0.1348082642621207,
          0.14905684078658993,
          0.11680546008599381,
          0.12936876098529737,
          0.10888061505999308
        ],
        "m1": [
          0.2734657603612887,
          0.1403745329781391,
          0.13835677605959973,
          0.14424465847301554,
          0.13367835397596248,
          0.16987991815199444
        ],
        "c2": [
          0.36331159613847824,
          0.12152343603467144,
          0.09971743489499778,
          0.09550060505157794,
          0.15564721916393506,
          0.16429970871633937
        ]
      },
      "metrics": {
        "m0": {
          "js": 0.01678430804929791,
          "k_xy": 0.9356050713179989,
          "c_xy": 0.9754291197204197
        },
        "m1": {
          "js": 0.02381493222427623,
          "k_xy": 0.8527361529018536,
          "c_xy": 0.942037989722089
        },
        "c2": {
          "js": 0.026753774648948334,
          "k_xy": 0.8539075194911846,
          "c_xy": 0.9549892227970352
        }
      },
      "parse_strats": {
        "m1": {
          "s1": 5,
          "fail": 18,
          "s3": 7
        },
        "c2": {
          "s1": 473,
          "s2": 5,
          "fail": 15,
          "s3": 7
        }
      },
      "c2_n_total": 500
    }
  },
  "summary": {
    "m0": {
      "js_mean": 0.0424351137880086,
      "js_std": 0.0375084192783569,
      "kxy_mean": 0.8472588198441865,
      "cxy_mean": 0.880732393542583,
      "n_questions": 4
    },
    "m1": {
      "js_mean": 0.03851641032260467,
      "js_std": 0.033167488161543995,
      "kxy_mean": 0.8364625655409396,
      "cxy_mean": 0.8987513557799673,
      "n_questions": 4
    },
    "c2": {
      "js_mean": 0.03389883889779874,
      "js_std": 0.02271573636434254,
      "kxy_mean": 0.8496948351121847,
      "cxy_mean": 0.9101637610241129,
      "n_questions": 4
    }
  }
}