{
  "config": {
    "questions": "/data/chenhongrui/business/results/questions_expanded_13q.json",
    "device": "cuda:0",
    "seed": 42,
    "top_k": 10,
    "n_posts_cluster": 50,
    "n_posts_c2": 50,
    "n_samples_m1": 3,
    "n_samples_paper": 100,
    "n_samples_direct": 100,
    "methods": "c2",
    "question_keys": "8.0/qsingle_5,11.0/qsingle_3,11.0/qsingle_4,10.0/qsingle_3",
    "tag": "c2_shard2",
    "output_dir": "/data/chenhongrui/business/results/table1"
  },
  "top_clusters": [
    "46",
    "63",
    "58",
    "27",
    "22",
    "20",
    "61",
    "53",
    "56",
    "48"
  ],
  "per_question": {
    "8.0/qsingle_5": {
      "question": "您一般用什么方法来缓解肠胃感冒症状?",
      "options": [
        "不在意",
        "其他",
        "联合用药",
        "抗病毒用药",
        "藿香正气类产品"
      ],
      "true": [
        90,
        8,
        168,
        154,
        470
      ],
      "preds": {
        "c2": [
          0.058322310011979864,
          0.06999523115914763,
          0.10324606586130457,
          0.09565200451450681,
          0.672784388453061
        ]
      },
      "metrics": {
        "c2": {
          "js": 0.03266012440127192,
          "k_xy": 0.8553054991547199,
          "c_xy": 0.9633907918657644
        }
      },
      "parse_strats": {
        "c2": {
          "s1": 364,
          "s3": 92,
          "fail": 42,
          "s2": 2
        }
      },
      "c2_n_total": 500
    },
    "11.0/qsingle_3": {
      "question": "请问您需要预防中暑的场景往往是? ",
      "options": [
        "出⻔旅游，随身带防暑产品",
        "温差大，从空调室内一下子到户外，感觉要中暑/轻微中暑",
        "天气炎热，出⻔前防暑",
        "天热⻋里常备，以防⻓时间开⻋引发不适",
        "空调吹多了，有头痛、昏重症状"
      ],
      "true": [
        143,
        231,
        177,
        120,
        110
      ],
      "preds": {
        "c2": [
          0.15064859390779695,
          0.15784657280157288,
          0.27031724187727524,
          0.18632414498067892,
          0.2348634464326761
        ]
      },
      "metrics": {
        "c2": {
          "js": 0.019134891925001497,
          "k_xy": 0.8296219272419618,
          "c_xy": 0.9252708269411017
        }
      },
      "parse_strats": {
        "c2": {
          "fail": 56,
          "s1": 395,
          "s3": 47,
          "s2": 2
        }
      },
      "c2_n_total": 500
    },
    "11.0/qsingle_4": {
      "question": "您一般用什么方法来缓解中暑的症状",
      "options": [
        "其他",
        "祛暑产品(藿香正气、十滴水、仁丹等)",
        "理疗(刮痧等)",
        "不在意"
      ],
      "true": [
        12,
        543,
        136,
        90
      ],
      "preds": {
        "c2": [
          0.14602667928726618,
          0.3938956229385262,
          0.18668660640431767,
          0.27339109136988976
        ]
      },
      "metrics": {
        "c2": {
          "js": 0.06835968900304389,
          "k_xy": 0.8292949014036455,
          "c_xy": 0.8757746781398827
        }
      },
      "parse_strats": {
        "c2": {
          "s3": 210,
          "s1": 197,
          "fail": 92,
          "s2": 1
        }
      },
      "c2_n_total": 500
    },
    "10.0/qsingle_3": {
      "question": "您对这类症状感受最深的季节是?",
      "options": [
        "春",
        "全年",
        "夏",
        "冬",
        "秋"
      ],
      "true": [
        110,
        169,
        287,
        109,
        96
      ],
      "preds": {
        "c2": [
          0.08949699438706679,
          0.0954668777881333,
          0.4399559029313843,
          0.10929963609392437,
          0.265780588799491
        ]
      },
      "metrics": {
        "c2": {
          "js": 0.031088949210034706,
          "k_xy": 0.8230961678765951,
          "c_xy": 0.9225758147126488
        }
      },
      "parse_strats": {
        "c2": {
          "s1": 260,
          "s3": 98,
          "fail": 142
        }
      },
      "c2_n_total": 500
    }
  },
  "summary": {
    "c2": {
      "js_mean": 0.037810913634838,
      "js_std": 0.021242542996389176,
      "kxy_mean": 0.8343296239192306,
      "cxy_mean": 0.9217530279148494,
      "n_questions": 4
    }
  }
}