{
  "config": {
    "questions": "/data/chenhongrui/business/results/questions_expanded_13q.json",
    "device": "cuda:0",
    "seed": 456,
    "top_k": 10,
    "n_posts_cluster": 50,
    "n_posts_c2": 50,
    "n_samples_m1": 3,
    "n_samples_paper": 100,
    "n_samples_direct": 100,
    "methods": "m1,c2",
    "question_keys": "8.0/qsingle_5,11.0/qsingle_3,11.0/qsingle_4,10.0/qsingle_3",
    "tag": "s456_shard2",
    "output_dir": "/data/chenhongrui/business/results/table1"
  },
  "top_clusters": [
    "46",
    "63",
    "58",
    "27",
    "22",
    "20",
    "61",
    "53",
    "56",
    "48"
  ],
  "per_question": {
    "8.0/qsingle_5": {
      "question": "您一般用什么方法来缓解肠胃感冒症状?",
      "options": [
        "不在意",
        "其他",
        "联合用药",
        "抗病毒用药",
        "藿香正气类产品"
      ],
      "true": [
        90,
        8,
        168,
        154,
        470
      ],
      "preds": {
        "m0": [
          0.04446392746141872,
          0.10183301230558851,
          0.18871804226765157,
          0.16384946881118584,
          0.5011355491541553
        ],
        "m1": [
          0.15454631502373348,
          0.19420886635394893,
          0.20452930495561425,
          0.19445202679903464,
          0.2522634868676688
        ],
        "c2": [
          0.062223158938384274,
          0.08294322631507989,
          0.12102506107967673,
          0.09277190475385243,
          0.6410366489130066
        ]
      },
      "metrics": {
        "m0": {
          "js": 0.02871141557631498,
          "k_xy": 0.9433403319513657,
          "c_xy": 0.9823095186619386
        },
        "m1": {
          "js": 0.08020508465249923,
          "k_xy": 0.7241735993019398,
          "c_xy": 0.8265838831714344
        },
        "c2": {
          "js": 0.03210242082672775,
          "k_xy": 0.8870532386915995,
          "c_xy": 0.9676945675822232
        }
      },
      "parse_strats": {
        "m1": {
          "s3": 5,
          "fail": 19,
          "s1": 6
        },
        "c2": {
          "s1": 362,
          "s2": 3,
          "fail": 44,
          "s3": 91
        }
      },
      "c2_n_total": 500
    },
    "11.0/qsingle_3": {
      "question": "请问您需要预防中暑的场景往往是? ",
      "options": [
        "出⻔旅游，随身带防暑产品",
        "温差大，从空调室内一下子到户外，感觉要中暑/轻微中暑",
        "天气炎热，出⻔前防暑",
        "天热⻋里常备，以防⻓时间开⻋引发不适",
        "空调吹多了，有头痛、昏重症状"
      ],
      "true": [
        143,
        231,
        177,
        120,
        110
      ],
      "preds": {
        "m0": [
          0.18734637705855314,
          0.1540016150399161,
          0.22559854883889066,
          0.22855792253532695,
          0.204495536527313
        ],
        "m1": [
          0.2038095104825437,
          0.1590144096153494,
          0.22202449541144045,
          0.19724860587591456,
          0.2179029786147519
        ],
        "c2": [
          0.1604816259757224,
          0.16165728139140642,
          0.2637054176840534,
          0.18170431134404788,
          0.23245136360476984
        ]
      },
      "metrics": {
        "m0": {
          "js": 0.0180214649778132,
          "k_xy": 0.8614407790369656,
          "c_xy": 0.9294045757520834
        },
        "m1": {
          "js": 0.016259503413642858,
          "k_xy": 0.8793426536071489,
          "c_xy": 0.935948528623358
        },
        "c2": {
          "js": 0.017315755001321414,
          "k_xy": 0.8432656678983566,
          "c_xy": 0.9316673807524258
        }
      },
      "parse_strats": {
        "m1": {
          "fail": 16,
          "s3": 10,
          "s1": 4
        },
        "c2": {
          "s1": 406,
          "fail": 66,
          "s3": 28
        }
      },
      "c2_n_total": 500
    },
    "11.0/qsingle_4": {
      "question": "您一般用什么方法来缓解中暑的症状",
      "options": [
        "其他",
        "祛暑产品(藿香正气、十滴水、仁丹等)",
        "理疗(刮痧等)",
        "不在意"
      ],
      "true": [
        12,
        543,
        136,
        90
      ],
      "preds": {
        "m0": [
          0.08966875602275376,
          0.6088720229012641,
          0.13391509177472968,
          0.1675441293012524
        ],
        "m1": [
          0.22396449752314404,
          0.30638549105131274,
          0.22945176972415937,
          0.2401982417013838
        ],
        "c2": [
          0.1404188858143244,
          0.3824203485451367,
          0.16833084760974976,
          0.3088299180307892
        ]
      },
      "metrics": {
        "m0": {
          "js": 0.019724996733539463,
          "k_xy": 0.9256961607595786,
          "c_xy": 0.987523636716228
        },
        "m1": {
          "js": 0.10629819666804531,
          "k_xy": 0.791400419272618,
          "c_xy": 0.7757582078902928
        },
        "c2": {
          "js": 0.0748973283731494,
          "k_xy": 0.8064069577004633,
          "c_xy": 0.8519479255768747
        }
      },
      "parse_strats": {
        "m1": {
          "fail": 13,
          "s1": 6,
          "s2": 1,
          "s3": 10
        },
        "c2": {
          "s1": 196,
          "s3": 212,
          "fail": 91,
          "s2": 1
        }
      },
      "c2_n_total": 500
    },
    "10.0/qsingle_3": {
      "question": "您对这类症状感受最深的季节是?",
      "options": [
        "春",
        "全年",
        "夏",
        "冬",
        "秋"
      ],
      "true": [
        110,
        169,
        287,
        109,
        96
      ],
      "preds": {
        "m0": [
          0.1884250235282562,
          0.17172419160320115,
          0.25055423364971235,
          0.18426400822242267,
          0.2050325429964076
        ],
        "m1": [
          0.2103567139870401,
          0.16441674299607434,
          0.26161113659840923,
          0.1638204516253858,
          0.19979495479309056
        ],
        "c2": [
          0.07951325596304629,
          0.09533636540445214,
          0.4698725060973413,
          0.1070823134952579,
          0.24819555903990229
        ]
      },
      "metrics": {
        "m0": {
          "js": 0.015397957415086162,
          "k_xy": 0.8765919052701296,
          "c_xy": 0.9419690214252052
        },
        "m1": {
          "js": 0.014900869477457399,
          "k_xy": 0.9022730500679155,
          "c_xy": 0.9451419253849552
        },
        "c2": {
          "js": 0.0315620041150624,
          "k_xy": 0.8129819170699049,
          "c_xy": 0.9246323586849402
        }
      },
      "parse_strats": {
        "m1": {
          "fail": 13,
          "s1": 8,
          "s3": 9
        },
        "c2": {
          "s3": 96,
          "fail": 133,
          "s1": 271
        }
      },
      "c2_n_total": 500
    }
  },
  "summary": {
    "m0": {
      "js_mean": 0.02046395867568845,
      "js_std": 0.005779179708696297,
      "kxy_mean": 0.9017672942545099,
      "cxy_mean": 0.9603016881388637,
      "n_questions": 4
    },
    "m1": {
      "js_mean": 0.0544159135529112,
      "js_std": 0.04609484060153903,
      "kxy_mean": 0.8242974305624056,
      "cxy_mean": 0.8708581362675101,
      "n_questions": 4
    },
    "c2": {
      "js_mean": 0.03896937707906524,
      "js_std": 0.02491131801461065,
      "kxy_mean": 0.8374269453400811,
      "cxy_mean": 0.918985558149116,
      "n_questions": 4
    }
  }
}