{
  "config": {
    "questions": "/data/chenhongrui/business/results/questions_expanded_13q.json",
    "device": "cuda:0",
    "seed": 456,
    "top_k": 10,
    "n_posts_cluster": 50,
    "n_posts_c2": 50,
    "n_samples_m1": 3,
    "n_samples_paper": 100,
    "n_samples_direct": 100,
    "methods": "m1,c2",
    "question_keys": "10.0/qsingle_5,7.0/qsingle_3,7.0/qsingle_4,7.0/qsingle_5",
    "tag": "s456_shard7",
    "output_dir": "/data/chenhongrui/business/results/table1"
  },
  "top_clusters": [
    "46",
    "63",
    "58",
    "27",
    "22",
    "20",
    "61",
    "53",
    "56",
    "48"
  ],
  "per_question": {
    "10.0/qsingle_5": {
      "question": "您一般用什么方法来解决这些症状?",
      "options": [
        "不在意",
        "对症中药",
        "饮食调理",
        "刮痧、蒸桑拿、运动等"
      ],
      "true": [
        171,
        54,
        255,
        291
      ],
      "preds": {
        "m0": [
          0.18695067829331655,
          0.4085905444780136,
          0.20812266408457367,
          0.1963361131440963
        ],
        "m1": [
          0.23401460890838732,
          0.3249334879940963,
          0.23974719314984475,
          0.20130470994767163
        ],
        "c2": [
          0.15352276363295847,
          0.23063426758851427,
          0.2556964339776486,
          0.3601465348008786
        ]
      },
      "metrics": {
        "m0": {
          "js": 0.08857197506246367,
          "k_xy": 0.6962875710625054,
          "c_xy": 0.7229777068741089
        },
        "m1": {
          "js": 0.061939763351313244,
          "k_xy": 0.7328806969276924,
          "c_xy": 0.8178643977975701
        },
        "c2": {
          "js": 0.02823222699851251,
          "k_xy": 0.9076717625912241,
          "c_xy": 0.938668481343126
        }
      },
      "parse_strats": {
        "m1": {
          "fail": 14,
          "s3": 9,
          "s1": 6,
          "s2": 1
        },
        "c2": {
          "s1": 240,
          "fail": 113,
          "s3": 145,
          "s2": 2
        }
      },
      "c2_n_total": 500
    },
    "7.0/qsingle_3": {
      "question": "请问您认为肠胃不适高发季节是？",
      "options": [
        "夏",
        "全年",
        "冬",
        "秋",
        "春"
      ],
      "true": [
        246,
        161,
        138,
        95,
        102
      ],
      "preds": {
        "m0": [
          0.24163936550136247,
          0.21171831883793518,
          0.17674100548664873,
          0.1885846809001236,
          0.18131662927392997
        ],
        "m1": [
          0.29371311340785655,
          0.20277832992320144,
          0.21610122248912825,
          0.13360385023383647,
          0.15380348394597737
        ],
        "c2": [
          0.4221503562966989,
          0.2645483608884828,
          0.09847325346874375,
          0.10598896103338581,
          0.10883906831268851
        ]
      },
      "metrics": {
        "m0": {
          "js": 0.008040294960950281,
          "k_xy": 0.8955973420541407,
          "c_xy": 0.9694376946671137
        },
        "m1": {
          "js": 0.001515893328894029,
          "k_xy": 0.9479739230658494,
          "c_xy": 0.9939108120989013
        },
        "c2": {
          "js": 0.012101216243762843,
          "k_xy": 0.8618188030990475,
          "c_xy": 0.967229896190657
        }
      },
      "parse_strats": {
        "m1": {
          "s3": 7,
          "s1": 7,
          "fail": 15,
          "s2": 1
        },
        "c2": {
          "s1": 475,
          "fail": 19,
          "s3": 5,
          "s2": 1
        }
      },
      "c2_n_total": 500
    },
    "7.0/qsingle_4": {
      "question": "请问您哪种情况下容易发生肠胃不适？",
      "options": [
        "其他",
        "饮食不节制(吃多、吃杂等)",
        "受寒感冒",
        "刺激饮食(辛辣、冰饮等)",
        "不卫生饮食",
        "出差旅行、水土不服"
      ],
      "true": [
        10,
        188,
        107,
        231,
        106,
        100
      ],
      "preds": {
        "m0": [
          0.1355279846206486,
          0.1882795852523499,
          0.2205363327103367,
          0.14604625598594204,
          0.1078764408338287,
          0.20173340059689404
        ],
        "m1": [
          0.14418450115490472,
          0.19263660872433144,
          0.1976217612838566,
          0.18971872963696895,
          0.13131783965062466,
          0.1445205595493136
        ],
        "c2": [
          0.09959644459853713,
          0.1455767837207653,
          0.11590254664552146,
          0.13704273169440212,
          0.16861616256878928,
          0.3332653307719848
        ]
      },
      "metrics": {
        "m0": {
          "js": 0.05530646217366908,
          "k_xy": 0.8667073104090491,
          "c_xy": 0.8592999527582417
        },
        "m1": {
          "js": 0.04345450254269066,
          "k_xy": 0.869292587808299,
          "c_xy": 0.9086690175628915
        },
        "c2": {
          "js": 0.0663287057066221,
          "k_xy": 0.775746538954525,
          "c_xy": 0.7875333289815084
        }
      },
      "parse_strats": {
        "m1": {
          "fail": 19,
          "s1": 7,
          "s3": 4
        },
        "c2": {
          "s1": 83,
          "s3": 165,
          "fail": 252
        }
      },
      "c2_n_total": 500
    },
    "7.0/qsingle_5": {
      "question": "您一般用什么方法来缓解肠胃不适的症状",
      "options": [
        "藿香正气类产品",
        "肠炎宁",
        "三九胃泰",
        "吗叮啉",
        "其他",
        "不在意"
      ],
      "true": [
        302,
        102,
        115,
        94,
        25,
        104
      ],
      "preds": {
        "m0": [
          0.35878657629756716,
          0.13682799859880254,
          0.1474170157194549,
          0.11641644886972377,
          0.13011067848365518,
          0.11044128203079634
        ],
        "m1": [
          0.2442782186529412,
          0.16352790432491,
          0.14813327941318005,
          0.14628378208944548,
          0.1502259538840552,
          0.147550861635468
        ],
        "c2": [
          0.36971370815907684,
          0.12405969715472093,
          0.0989095192816982,
          0.09351504056425279,
          0.1669499854114054,
          0.1468520494288456
        ]
      },
      "metrics": {
        "m0": {
          "js": 0.016947391147230657,
          "k_xy": 0.933302486849068,
          "c_xy": 0.9749221943364481
        },
        "m1": {
          "js": 0.031226688703871523,
          "k_xy": 0.837270132375199,
          "c_xy": 0.9150424181042768
        },
        "c2": {
          "js": 0.029168784573168325,
          "k_xy": 0.8600524125305935,
          "c_xy": 0.9506699907566182
        }
      },
      "parse_strats": {
        "m1": {
          "fail": 24,
          "s1": 5,
          "s3": 1
        },
        "c2": {
          "s1": 471,
          "fail": 20,
          "s2": 6,
          "s3": 3
        }
      },
      "c2_n_total": 500
    }
  },
  "summary": {
    "m0": {
      "js_mean": 0.04221653083607842,
      "js_std": 0.037088713606950784,
      "kxy_mean": 0.8479736775936908,
      "cxy_mean": 0.8816593871589781,
      "n_questions": 4
    },
    "m1": {
      "js_mean": 0.03453421198169237,
      "js_std": 0.025375742396079908,
      "kxy_mean": 0.84685433504426,
      "cxy_mean": 0.9088716613909099,
      "n_questions": 4
    },
    "c2": {
      "js_mean": 0.03395773338051644,
      "js_std": 0.02295867769636331,
      "kxy_mean": 0.8513223792938476,
      "cxy_mean": 0.9110254243179774,
      "n_questions": 4
    }
  }
}