{
  "config": {
    "questions": "/data/chenhongrui/business/results/questions_expanded_13q.json",
    "device": "cuda:0",
    "seed": 789,
    "top_k": 10,
    "n_posts_cluster": 50,
    "n_posts_c2": 50,
    "n_samples_m1": 3,
    "n_samples_paper": 100,
    "n_samples_direct": 100,
    "methods": "m1,c2",
    "question_keys": "9.0/qsingle_3,9.0/qsingle_4,9.0/qsingle_5,8.0/qsingle_3,8.0/qsingle_4",
    "tag": "s789_shard0",
    "output_dir": "/data/chenhongrui/business/results/table1"
  },
  "top_clusters": [
    "46",
    "63",
    "58",
    "27",
    "22",
    "20",
    "61",
    "53",
    "56",
    "48"
  ],
  "per_question": {
    "9.0/qsingle_3": {
      "question": "请问您觉得产生湿气的原因是? ",
      "options": [
        "环境潮湿",
        "其他",
        "久坐不运动",
        "爱吃冷饮、火锅",
        "体质问题"
      ],
      "true": [
        170,
        14,
        248,
        269,
        183
      ],
      "preds": {
        "m0": [
          0.20727386174741613,
          0.13269976931695726,
          0.20199506978986892,
          0.21695712851457088,
          0.24107417063118683
        ],
        "m1": [
          0.1981434217797156,
          0.19495173849875763,
          0.177380444906768,
          0.216307056456416,
          0.21321733835834275
        ],
        "c2": [
          0.18291014316204607,
          0.14983510401253097,
          0.21850112319287487,
          0.19588070191695447,
          0.2528729277155934
        ]
      },
      "metrics": {
        "m0": {
          "js": 0.033947800151765975,
          "k_xy": 0.8681711653496909,
          "c_xy": 0.9415473227927876
        },
        "m1": {
          "js": 0.05458434452622483,
          "k_xy": 0.8150496361409032,
          "c_xy": 0.8938451465921321
        },
        "c2": {
          "js": 0.04035947993704257,
          "k_xy": 0.8753995492387643,
          "c_xy": 0.9264127431051891
        }
      },
      "parse_strats": {
        "m1": {
          "fail": 15,
          "s3": 7,
          "s1": 8
        },
        "c2": {
          "fail": 49,
          "s1": 422,
          "s3": 28,
          "s2": 1
        }
      },
      "c2_n_total": 500
    },
    "9.0/qsingle_4": {
      "question": "您觉得湿气重更容易发生在哪个季节?",
      "options": [
        "全年",
        "秋",
        "春",
        "夏",
        "冬"
      ],
      "true": [
        258,
        100,
        152,
        254,
        120
      ],
      "preds": {
        "m0": [
          0.19968009284461788,
          0.19015143214933805,
          0.17399561599327137,
          0.27040083114616936,
          0.16577202786660328
        ],
        "m1": [
          0.22306231353930855,
          0.1778714751618379,
          0.16034371839601616,
          0.24332875072965382,
          0.19539374217318362
        ],
        "c2": [
          0.1751484357797636,
          0.15882481360589631,
          0.17304349669313307,
          0.2784729394818783,
          0.21451031443932855
        ]
      },
      "metrics": {
        "m0": {
          "js": 0.010172439575507747,
          "k_xy": 0.9078248892047733,
          "c_xy": 0.965313798979483
        },
        "m1": {
          "js": 0.009651951737589972,
          "k_xy": 0.9312071098971259,
          "c_xy": 0.9678828397980607
        },
        "c2": {
          "js": 0.01380019229181119,
          "k_xy": 0.8832932321423723,
          "c_xy": 0.9506876442161389
        }
      },
      "parse_strats": {
        "m1": {
          "fail": 17,
          "s3": 3,
          "s1": 10
        },
        "c2": {
          "fail": 94,
          "s1": 341,
          "s3": 62,
          "s2": 3
        }
      },
      "c2_n_total": 500
    },
    "9.0/qsingle_5": {
      "question": "您一般用什么方法来缓解湿气重的症状?",
      "options": [
        "刮痧、蒸桑拿、运动等",
        "对症中药",
        "饮食调理",
        "不在意"
      ],
      "true": [
        303,
        77,
        327,
        176
      ],
      "preds": {
        "m0": [
          0.2043557003141126,
          0.35249311798421556,
          0.20986973393549374,
          0.233281447766178
        ],
        "m1": [
          0.24680774169155012,
          0.3450640087205219,
          0.2154678666254315,
          0.1926603829624965
        ],
        "c2": [
          0.25816808909636585,
          0.2364423689929751,
          0.3550696785482069,
          0.15031986336245204
        ]
      },
      "metrics": {
        "m0": {
          "js": 0.0636868464171639,
          "k_xy": 0.8612073424228213,
          "c_xy": 0.7961184528337567
        },
        "m1": {
          "js": 0.055477643037183645,
          "k_xy": 0.838479325524756,
          "c_xy": 0.8255318047825684
        },
        "c2": {
          "js": 0.022688007265088676,
          "k_xy": 0.9150197311996933,
          "c_xy": 0.9453568674299013
        }
      },
      "parse_strats": {
        "m1": {
          "fail": 16,
          "s3": 4,
          "s1": 10
        },
        "c2": {
          "s1": 442,
          "s3": 31,
          "fail": 27
        }
      },
      "c2_n_total": 500
    },
    "8.0/qsingle_3": {
      "question": "请问您认为哪个季节容易发生肠胃感冒?",
      "options": [
        "全年",
        "冬",
        "夏",
        "秋",
        "春"
      ],
      "true": [
        232,
        123,
        263,
        119,
        153
      ],
      "preds": {
        "m0": [
          0.19282586249985595,
          0.17207173284005112,
          0.24717814741962849,
          0.19759044130267325,
          0.19033381593779122
        ],
        "m1": [
          0.2437907649655399,
          0.2012367245471634,
          0.2554203929820859,
          0.1419127780951027,
          0.15763933941010805
        ],
        "c2": [
          0.2215134095551341,
          0.16178607819415497,
          0.27851094452885494,
          0.14409946906528118,
          0.1940900986565746
        ]
      },
      "metrics": {
        "m0": {
          "js": 0.007884016431874745,
          "k_xy": 0.917693720226496,
          "c_xy": 0.9715062095021256
        },
        "m1": {
          "js": 0.004030158943880506,
          "k_xy": 0.9538489150261367,
          "c_xy": 0.9861531560145543
        },
        "c2": {
          "js": 0.0018192229408159407,
          "k_xy": 0.9608392522296414,
          "c_xy": 0.9934173504134834
        }
      },
      "parse_strats": {
        "m1": {
          "fail": 14,
          "s1": 11,
          "s3": 5
        },
        "c2": {
          "s1": 412,
          "fail": 51,
          "s3": 37
        }
      },
      "c2_n_total": 500
    },
    "8.0/qsingle_4": {
      "question": "请问您发生肠胃感冒的场景往往是? ",
      "options": [
        "冷热刺激(高温乘凉不当、猛吹空调等)",
        "天气变化大",
        "饮食不良(喜吃辛辣、冰饮等)",
        "病毒感染",
        "其他"
      ],
      "true": [
        303,
        157,
        275,
        138,
        17
      ],
      "preds": {
        "m0": [
          0.24310787869755968,
          0.26641452119931347,
          0.1469598702434732,
          0.22284867093748315,
          0.12066905892217049
        ],
        "m1": [
          0.2470511699077427,
          0.1697621519262505,
          0.22025212815253475,
          0.18942389236088936,
          0.1735106576525827
        ],
        "c2": [
          0.2112562988355692,
          0.15195545582445671,
          0.2233274568300406,
          0.2673614353185812,
          0.14609935319135228
        ]
      },
      "metrics": {
        "m0": {
          "js": 0.047022149535086794,
          "k_xy": 0.8306395734455775,
          "c_xy": 0.8832738908766773
        },
        "m1": {
          "js": 0.04397844574423231,
          "k_xy": 0.8112227532937009,
          "c_xy": 0.9197261665835501
        },
        "c2": {
          "js": 0.04677951259886554,
          "k_xy": 0.7606965148022922,
          "c_xy": 0.8944799119875365
        }
      },
      "parse_strats": {
        "m1": {
          "s3": 7,
          "fail": 11,
          "s1": 12
        },
        "c2": {
          "s1": 362,