{
  "config": {
    "questions": "/data/chenhongrui/business/results/questions_expanded_13q.json",
    "device": "cuda:0",
    "seed": 789,
    "top_k": 10,
    "n_posts_cluster": 50,
    "n_posts_c2": 50,
    "n_samples_m1": 3,
    "n_samples_paper": 100,
    "n_samples_direct": 100,
    "methods": "m1,c2",
    "question_keys": "8.0/qsingle_5,11.0/qsingle_3,11.0/qsingle_4,10.0/qsingle_3",
    "tag": "s789_shard2",
    "output_dir": "/data/chenhongrui/business/results/table1"
  },
  "top_clusters": [
    "46",
    "63",
    "58",
    "27",
    "22",
    "20",
    "61",
    "53",
    "56",
    "48"
  ],
  "per_question": {
    "8.0/qsingle_5": {
      "question": "您一般用什么方法来缓解肠胃感冒症状?",
      "options": [
        "不在意",
        "其他",
        "联合用药",
        "抗病毒用药",
        "藿香正气类产品"
      ],
      "true": [
        90,
        8,
        168,
        154,
        470
      ],
      "preds": {
        "m0": [
          0.04395329649356311,
          0.09923755362284449,
          0.1874358742582899,
          0.1642618045412567,
          0.5051114710840459
        ],
        "m1": [
          0.2622833246479319,
          0.1908139649410983,
          0.16103996311957536,
          0.1721980814108742,
          0.21366466588052022
        ],
        "c2": [
          0.05225404846313239,
          0.07030086706489766,
          0.11377483243476673,
          0.08864048136005692,
          0.6750297706771463
        ]
      },
      "metrics": {
        "m0": {
          "js": 0.027996796330300555,
          "k_xy": 0.9428297009835611,
          "c_xy": 0.9831175531794903
        },
        "m1": {
          "js": 0.10436906142083394,
          "k_xy": 0.6570150700068289,
          "c_xy": 0.7437177985091773
        },
        "c2": {
          "js": 0.03354784174443719,
          "k_xy": 0.8530601169308591,
          "c_xy": 0.9632662466969654
        }
      },
      "parse_strats": {
        "m1": {
          "s3": 8,
          "fail": 16,
          "s1": 6
        },
        "c2": {
          "s1": 367,
          "fail": 48,
          "s3": 84,
          "s2": 1
        }
      },
      "c2_n_total": 500
    },
    "11.0/qsingle_3": {
      "question": "请问您需要预防中暑的场景往往是? ",
      "options": [
        "出⻔旅游，随身带防暑产品",
        "温差大，从空调室内一下子到户外，感觉要中暑/轻微中暑",
        "天气炎热，出⻔前防暑",
        "天热⻋里常备，以防⻓时间开⻋引发不适",
        "空调吹多了，有头痛、昏重症状"
      ],
      "true": [
        143,
        231,
        177,
        120,
        110
      ],
      "preds": {
        "m0": [
          0.1877802562496841,
          0.15290652152497544,
          0.22527863831685205,
          0.2294312583066086,
          0.20460332560187974
        ],
        "m1": [
          0.20214611555354306,
          0.20935916138256166,
          0.1935154195324486,
          0.21518350471691386,
          0.17979579881453275
        ],
        "c2": [
          0.15946096501129264,
          0.1613245189949136,
          0.2526865091150652,
          0.18655839352466888,
          0.2399696133540596
        ]
      },
      "metrics": {
        "m0": {
          "js": 0.018320702562762626,
          "k_xy": 0.8604596541912153,
          "c_xy": 0.9283172870366121
        },
        "m1": {
          "js": 0.008367323883187656,
          "k_xy": 0.8995149345643515,
          "c_xy": 0.9664698790939971
        },
        "c2": {
          "js": 0.01811918296771773,
          "k_xy": 0.8419122445375693,
          "c_xy": 0.9288073009299226
        }
      },
      "parse_strats": {
        "m1": {
          "s1": 8,
          "s3": 10,
          "fail": 11,
          "s2": 1
        },
        "c2": {
          "s1": 398,
          "fail": 61,
          "s3": 39,
          "s2": 2
        }
      },
      "c2_n_total": 500
    },
    "11.0/qsingle_4": {
      "question": "您一般用什么方法来缓解中暑的症状",
      "options": [
        "其他",
        "祛暑产品(藿香正气、十滴水、仁丹等)",
        "理疗(刮痧等)",
        "不在意"
      ],
      "true": [
        12,
        543,
        136,
        90
      ],
      "preds": {
        "m0": [
          0.09022823804831641,
          0.6101064537549532,
          0.13438251854507394,
          0.16528278965165638
        ],
        "m1": [
          0.19692146727234136,
          0.31158994650228594,
          0.24227342461743187,
          0.24921516160794085
        ],
        "c2": [
          0.15269551482258148,
          0.4088929824225646,
          0.16553193886431847,
          0.2728795638905353
        ]
      },
      "metrics": {
        "m0": {
          "js": 0.01961157593750522,
          "k_xy": 0.9251366787340719,
          "c_xy": 0.9878399793803004
        },
        "m1": {
          "js": 0.09890003055354002,
          "k_xy": 0.7978840129556214,
          "c_xy": 0.789882363496794
        },
        "c2": {
          "js": 0.06786301544250452,
          "k_xy": 0.842357311837122,
          "c_xy": 0.8835719394929512
        }
      },
      "parse_strats": {
        "m1": {
          "fail": 15,
          "s3": 8,
          "s1": 7
        },
        "c2": {
          "fail": 85,
          "s3": 207,
          "s1": 207,
          "s2": 1
        }
      },
      "c2_n_total": 500
    },
    "10.0/qsingle_3": {
      "question": "您对这类症状感受最深的季节是?",
      "options": [
        "春",
        "全年",
        "夏",
        "冬",
        "秋"
      ],
      "true": [
        110,
        169,
        287,
        109,
        96
      ],
      "preds": {
        "m0": [
          0.189520425784972,
          0.17142864559192159,
          0.24971785125724433,
          0.18445000226947786,
          0.2048830750963841
        ],
        "m1": [
          0.19181308284225448,
          0.23085914380793904,
          0.3779222355596978,
          0.08457534164317643,
          0.11483019614693221
        ],
        "c2": [
          0.08794256138012287,
          0.10732257223702102,
          0.4526920379269853,
          0.10615088533982395,
          0.24589194311604673
        ]
      },
      "metrics": {
        "m0": {
          "js": 0.015575269433866439,
          "k_xy": 0.8765553791231018,
          "c_xy": 0.9412421197928744
        },
        "m1": {
          "js": 0.0056038998829040215,
          "k_xy": 0.9335170813201379,
          "c_xy": 0.988326005555398
        },
        "c2": {
          "js": 0.026409347728924636,
          "k_xy": 0.8333974293175087,
          "c_xy": 0.934113843161898
        }
      },
      "parse_strats": {
        "m1": {
          "s1": 11,
          "s3": 11,
          "fail": 8
        },
        "c2": {
          "s1": 273,
          "fail": 134,
          "s3": 91,
          "s2": 2
        }
      },
      "c2_n_total": 500
    }
  },
  "summary": {
    "m0": {
      "js_mean": 0.02037608606610871,
      "js_std": 0.005352013401507184,
      "kxy_mean": 0.9012453532579876,
      "cxy_mean": 0.9601292348473194,
      "n_questions": 4
    },
    "m1": {
      "js_mean": 0.054310078935116406,
      "js_std": 0.05470281568763601,
      "kxy_mean": 0.8219827747117349,
      "cxy_mean": 0.8720990116638416,
      "n_questions": 4
    },
    "c2": {
      "js_mean": 0.03648484697089602,
      "js_std": 0.021848178837800162,
      "kxy_mean": 0.8426817756557649,
      "cxy_mean": 0.9274398325704343,
      "n_questions": 4
    }
  }
}