{
  "config": {
    "questions": "/data/chenhongrui/business/results/questions_expanded_13q.json",
    "device": "cuda:0",
    "seed": 42,
    "top_k": 10,
    "n_posts_cluster": 50,
    "n_posts_c2": 50,
    "n_samples_m1": 3,
    "n_samples_paper": 100,
    "n_samples_direct": 100,
    "methods": "c2",
    "question_keys": "9.0/qsingle_3,9.0/qsingle_4,9.0/qsingle_5,8.0/qsingle_3,8.0/qsingle_4",
    "tag": "c2_shard0",
    "output_dir": "/data/chenhongrui/business/results/table1"
  },
  "top_clusters": [
    "46",
    "63",
    "58",
    "27",
    "22",
    "20",
    "61",
    "53",
    "56",
    "48"
  ],
  "per_question": {
    "9.0/qsingle_3": {
      "question": "请问您觉得产生湿气的原因是? ",
      "options": [
        "环境潮湿",
        "其他",
        "久坐不运动",
        "爱吃冷饮、火锅",
        "体质问题"
      ],
      "true": [
        170,
        14,
        248,
        269,
        183
      ],
      "preds": {
        "c2": [
          0.17746608889524035,
          0.15316805526045355,
          0.2191490833036174,
          0.1902728755311725,
          0.2599438970095161
        ]
      },
      "metrics": {
        "c2": {
          "js": 0.042464055772071053,
          "k_xy": 0.8775106522574364,
          "c_xy": 0.9200085398663883
        }
      },
      "parse_strats": {
        "c2": {
          "fail": 57,
          "s1": 406,
          "s3": 34,
          "s2": 3
        }
      },
      "c2_n_total": 500
    },
    "9.0/qsingle_4": {
      "question": "您觉得湿气重更容易发生在哪个季节?",
      "options": [
        "全年",
        "秋",
        "春",
        "夏",
        "冬"
      ],
      "true": [
        258,
        100,
        152,
        254,
        120
      ],
      "preds": {
        "c2": [
          0.180937628159957,
          0.17186868331837457,
          0.1715715839914197,
          0.2836524601937044,
          0.1919696443365443
        ]
      },
      "metrics": {
        "c2": {
          "js": 0.012045004343768935,
          "k_xy": 0.8890824245219867,
          "c_xy": 0.9576916392696571
        }
      },
      "parse_strats": {
        "c2": {
          "fail": 108,
          "s1": 344,
          "s3": 48
        }
      },
      "c2_n_total": 500
    },
    "9.0/qsingle_5": {
      "question": "您一般用什么方法来缓解湿气重的症状?",
      "options": [
        "刮痧、蒸桑拿、运动等",
        "对症中药",
        "饮食调理",
        "不在意"
      ],
      "true": [
        303,
        77,
        327,
        176
      ],
      "preds": {
        "c2": [
          0.26040623328140466,
          0.2443722531807803,
          0.35530277181518144,
          0.13991874172263358
        ]
      },
      "metrics": {
        "c2": {
          "js": 0.024930233528875634,
          "k_xy": 0.9172578753845082,
          "c_xy": 0.9398487640817272
        }
      },
      "parse_strats": {
        "c2": {
          "s1": 440,
          "fail": 32,
          "s3": 28
        }
      },
      "c2_n_total": 500
    },
    "8.0/qsingle_3": {
      "question": "请问您认为哪个季节容易发生肠胃感冒?",
      "options": [
        "全年",
        "冬",
        "夏",
        "秋",
        "春"
      ],
      "true": [
        232,
        123,
        263,
        119,
        153
      ],
      "preds": {
        "c2": [
          0.22812118246465155,
          0.16358541971902035,
          0.2872674830967022,
          0.13897944935129677,
          0.18204646536832902
        ]
      },
      "metrics": {
        "c2": {
          "js": 0.0012039401348410976,
          "k_xy": 0.967447025138498,
          "c_xy": 0.995801619213754
        }
      },
      "parse_strats": {
        "c2": {
          "fail": 51,
          "s1": 417,
          "s3": 32
        }
      },
      "c2_n_total": 500
    },
    "8.0/qsingle_4": {
      "question": "请问您发生肠胃感冒的场景往往是? ",
      "options": [
        "冷热刺激(高温乘凉不当、猛吹空调等)",
        "天气变化大",
        "饮食不良(喜吃辛辣、冰饮等)",
        "病毒感染",
        "其他"
      ],
      "true": [
        303,
        157,
        275,
        138,
        17
      ],
      "preds": {
        "c2": [
          0.20441427479534516,
          0.15232997431058876,
          0.22708752465114776,
          0.2770840956389043,
          0.13908413060401395
        ]
      },
      "metrics": {
        "c2": {
          "js": 0.046579459914323426,
          "k_xy": 0.7579890770695781,
          "c_xy": 0.8908643643369881
        }
      },
      "parse_strats": {
        "c2": {
          "s1": 357,
          "fail": 86,
          "s3": 55,
          "s2": 2
        }
      },
      "c2_n_total": 500
    }
  },
  "summary": {
    "c2": {
      "js_mean": 0.02544453873877603,
      "js_std": 0.019389220624307094,
      "kxy_mean": 0.8818574108744015,
      "cxy_mean": 0.9408429853537029,
      "n_questions": 5
    }
  }
}