{
  "config": {
    "questions": "/data/chenhongrui/business/results/questions_expanded_13q.json",
    "device": "cuda:0",
    "seed": 456,
    "top_k": 10,
    "n_posts_cluster": 50,
    "n_posts_c2": 50,
    "n_samples_m1": 3,
    "n_samples_paper": 100,
    "n_samples_direct": 100,
    "methods": "m1,c2",
    "question_keys": "9.0/qsingle_3,9.0/qsingle_4,9.0/qsingle_5,8.0/qsingle_3,8.0/qsingle_4",
    "tag": "s456_shard0",
    "output_dir": "/data/chenhongrui/business/results/table1"
  },
  "top_clusters": [
    "46",
    "63",
    "58",
    "27",
    "22",
    "20",
    "61",
    "53",
    "56",
    "48"
  ],
  "per_question": {
    "9.0/qsingle_3": {
      "question": "请问您觉得产生湿气的原因是? ",
      "options": [
        "环境潮湿",
        "其他",
        "久坐不运动",
        "爱吃冷饮、火锅",
        "体质问题"
      ],
      "true": [
        170,
        14,
        248,
        269,
        183
      ],
      "preds": {
        "m0": [
          0.20609863127552294,
          0.13540478446800489,
          0.20083741631215205,
          0.21780221019679216,
          0.23985695774752794
        ],
        "m1": [
          0.18982923125762585,
          0.18119009892259236,
          0.19796919315817885,
          0.20185617938127834,
          0.22915529728032455
        ],
        "c2": [
          0.17723076895515716,
          0.15659813984826942,
          0.21688674516293843,
          0.19180843845461013,
          0.2574759075790248
        ]
      },
      "metrics": {
        "m0": {
          "js": 0.03469636656689785,
          "k_xy": 0.8666413806706894,
          "c_xy": 0.9403542871028818
        },
        "m1": {
          "js": 0.049815193979608714,
          "k_xy": 0.8371254662369507,
          "c_xy": 0.9058225891037045
        },
        "c2": {
          "js": 0.04331308527628318,
          "k_xy": 0.8743158876100232,
          "c_xy": 0.9186242266434536
        }
      },
      "parse_strats": {
        "m1": {
          "fail": 19,
          "s3": 7,
          "s1": 4
        },
        "c2": {
          "s1": 418,
          "fail": 45,
          "s3": 36,
          "s2": 1
        }
      },
      "c2_n_total": 500
    },
    "9.0/qsingle_4": {
      "question": "您觉得湿气重更容易发生在哪个季节?",
      "options": [
        "全年",
        "秋",
        "春",
        "夏",
        "冬"
      ],
      "true": [
        258,
        100,
        152,
        254,
        120
      ],
      "preds": {
        "m0": [
          0.20058915779558298,
          0.19058303203026355,
          0.17299655793665872,
          0.2709522803870028,
          0.16487897185049188
        ],
        "m1": [
          0.2000073393893943,
          0.22147702750244874,
          0.1635269381980846,
          0.24097303899155859,
          0.17401565591851376
        ],
        "c2": [
          0.17628920410324542,
          0.16990164537885827,
          0.17469339966508676,
          0.26796980189018677,
          0.21114594896262268
        ]
      },
      "metrics": {
        "m0": {
          "js": 0.010075157469092617,
          "k_xy": 0.9087339541556476,
          "c_xy": 0.9657085249665531
        },
        "m1": {
          "js": 0.015501542824493694,
          "k_xy": 0.908152135749517,
          "c_xy": 0.9463553957871113
        },
        "c2": {
          "js": 0.014377814892723153,
          "k_xy": 0.8844340004657401,
          "c_xy": 0.9491606211278828
        }
      },
      "parse_strats": {
        "m1": {
          "fail": 16,
          "s3": 5,
          "s1": 8,
          "s2": 1
        },
        "c2": {
          "fail": 111,
          "s1": 329,
          "s3": 60
        }
      },
      "c2_n_total": 500
    },
    "9.0/qsingle_5": {
      "question": "您一般用什么方法来缓解湿气重的症状?",
      "options": [
        "刮痧、蒸桑拿、运动等",
        "对症中药",
        "饮食调理",
        "不在意"
      ],
      "true": [
        303,
        77,
        327,
        176
      ],
      "preds": {
        "m0": [
          0.20297919597918387,
          0.350988045685266,
          0.21012282074662764,
          0.23590993758892248
        ],
        "m1": [
          0.2386674658463602,
          0.3571935226364046,
          0.192546619751033,
          0.21159239176620215
        ],
        "c2": [
          0.25325412240312506,
          0.24269981295987347,
          0.3686102219513929,
          0.13543584268560857
        ]
      },
      "metrics": {
        "m0": {
          "js": 0.06359637009437875,
          "k_xy": 0.8598308380880302,
          "c_xy": 0.7965898070645197
        },
        "m1": {
          "js": 0.06308847355962627,
          "k_xy": 0.8344900874544623,
          "c_xy": 0.7983439249047981
        },
        "c2": {
          "js": 0.025538218210706072,
          "k_xy": 0.9101057645069439,
          "c_xy": 0.9381525893910625
        }
      },
      "parse_strats": {
        "m1": {
          "s1": 7,
          "s3": 8,
          "fail": 15
        },
        "c2": {
          "s1": 447,
          "fail": 30,
          "s3": 23
        }
      },
      "c2_n_total": 500
    },
    "8.0/qsingle_3": {
      "question": "请问您认为哪个季节容易发生肠胃感冒?",
      "options": [
        "全年",
        "冬",
        "夏",
        "秋",
        "春"
      ],
      "true": [
        232,
        123,
        263,
        119,
        153
      ],
      "preds": {
        "m0": [
          0.19254744213966432,
          0.17201327924908363,
          0.2483563311737096,
          0.1979089766608008,
          0.1891739707767416
        ],
        "m1": [
          0.22415929238189125,
          0.19645661414040755,
          0.2016181101542535,
          0.1879829965266836,
          0.1897829867967641
        ],
        "c2": [
          0.21970415747837796,
          0.1668174583919904,
          0.2835328685400365,
          0.13471500489493318,
          0.1952305106946618
        ]
      },
      "metrics": {
        "m0": {
          "js": 0.007849633356134223,
          "k_xy": 0.918535030029334,
          "c_xy": 0.971687643212702
        },
        "m1": {
          "js": 0.01021707349202159,
          "k_xy": 0.9278519941424969,
          "c_xy": 0.9614171964039012
        },
        "c2": {
          "js": 0.0019801411343746828,
          "k_xy": 0.959030000153066,
          "c_xy": 0.9928848798111398
        }
      },
      "parse_strats": {
        "m1": {
          "fail": 16,
          "s1": 11,
          "s3": 3
        },
        "c2": {
          "s3": 32,
          "s1": 411,
          "fail": 57
        }
      },
      "c2_n_total": 500
    },
    "8.0/qsingle_4": {
      "question": "请问您发生肠胃感冒的场景往往是? ",
      "options": [
        "冷热刺激(高温乘凉不当、猛吹空调等)",
        "天气变化大",
        "饮食不良(喜吃辛辣、冰饮等)",
        "病毒感染",
        "其他"
      ],
      "true": [
        303,
        157,
        275,
        138,
        17
      ],
      "preds": {
        "m0": [
          0.24705538226964863,
          0.2617336127128772,
          0.1482376863924216,
          0.2194079708504784,
          0.1235653477745741
        ],
        "m1": [
          0.20593854241943238,
          0.204700765376752,
          0.18770189443287122,
          0.263660389001766,
          0.13799840876917843
        ],
        "c2": [
          0.205108644009934,
          0.160222969547893,
          0.23112679578405715,
          0.2617648188395429,
          0.14177677181857296
        ]
      },
      "metrics": {
        "m0": {
          "js": 0.046482732845737874,
          "k_xy": 0.8311839846801243,
          "c_xy": 0.8870894093723958
        },
        "m1": {
          "js": 0.048870449147133906,
          "k_xy": 0.7724985055401009,
          "c_xy": 0.8814437651450212
        },
        "c2": {
          "js": 0.044843661208833915,
          "k_xy": 0.7706157126531177,
          "c_xy": 0.8993298077294245
        }
      },
      "parse_strats": {
        "m1": {
          "fail": 9,
          "s3": 10,
          "s1": 11
        },
        "c2": {
          "s1": 359,