{
  "config": {
    "questions": "/data/chenhongrui/business/results/questions_expanded_13q.json",
    "device": "cuda:0",
    "seed": 123,
    "top_k": 10,
    "n_posts_cluster": 50,
    "n_posts_c2": 50,
    "n_samples_m1": 3,
    "n_samples_paper": 100,
    "n_samples_direct": 100,
    "methods": "m1,c2",
    "question_keys": "8.0/qsingle_5,11.0/qsingle_3,11.0/qsingle_4,10.0/qsingle_3",
    "tag": "s123_shard2",
    "output_dir": "/data/chenhongrui/business/results/table1"
  },
  "top_clusters": [
    "46",
    "63",
    "58",
    "27",
    "22",
    "20",
    "61",
    "53",
    "56",
    "48"
  ],
  "per_question": {
    "8.0/qsingle_5": {
      "question": "您一般用什么方法来缓解肠胃感冒症状?",
      "options": [
        "不在意",
        "其他",
        "联合用药",
        "抗病毒用药",
        "藿香正气类产品"
      ],
      "true": [
        90,
        8,
        168,
        154,
        470
      ],
      "preds": {
        "m0": [
          0.04374217388852951,
          0.10087625791176387,
          0.18977142863214,
          0.15930954249608228,
          0.5063005970714846
        ],
        "m1": [
          0.1964774214794853,
          0.18274409684030857,
          0.19017812166733009,
          0.2133392492891179,
          0.21726111072375814
        ],
        "c2": [
          0.06201454885348237,
          0.07287340212848496,
          0.10626133657667981,
          0.09118234733650753,
          0.6676683651048453
        ]
      },
      "metrics": {
        "m0": {
          "js": 0.02861847200882209,
          "k_xy": 0.9426185783785487,
          "c_xy": 0.9825386261151624
        },
        "m1": {
          "js": 0.09055476904608106,
          "k_xy": 0.6891712231615297,
          "c_xy": 0.7831228825067886
        },
        "c2": {
          "js": 0.032944386702298004,
          "k_xy": 0.860421522502424,
          "c_xy": 0.9635600979477403
        }
      },
      "parse_strats": {
        "m1": {
          "fail": 18,
          "s3": 5,
          "s1": 7
        },
        "c2": {
          "s1": 356,
          "s3": 87,
          "fail": 56,
          "s2": 1
        }
      },
      "c2_n_total": 500
    },
    "11.0/qsingle_3": {
      "question": "请问您需要预防中暑的场景往往是? ",
      "options": [
        "出⻔旅游，随身带防暑产品",
        "温差大，从空调室内一下子到户外，感觉要中暑/轻微中暑",
        "天气炎热，出⻔前防暑",
        "天热⻋里常备，以防⻓时间开⻋引发不适",
        "空调吹多了，有头痛、昏重症状"
      ],
      "true": [
        143,
        231,
        177,
        120,
        110
      ],
      "preds": {
        "m0": [
          0.18974891283478215,
          0.15269013952427493,
          0.22749573469032322,
          0.226514275939875,
          0.20355093701074461
        ],
        "m1": [
          0.21429150995650104,
          0.184687382493544,
          0.23107798802133392,
          0.18451674206416863,
          0.1854263774644525
        ],
        "c2": [
          0.15699332102416375,
          0.1529329840702904,
          0.2482374889491885,
          0.1935765953178003,
          0.24825961063855703
        ]
      },
      "metrics": {
        "m0": {
          "js": 0.01802841079896174,
          "k_xy": 0.8635658128882548,
          "c_xy": 0.9294617895559064
        },
        "m1": {
          "js": 0.009336144188237612,
          "k_xy": 0.9201056529735887,
          "c_xy": 0.9615749121968828
        },
        "c2": {
          "js": 0.020976174317650587,
          "k_xy": 0.8310530656269031,
          "c_xy": 0.9184359130110762
        }
      },
      "parse_strats": {
        "m1": {
          "fail": 18,
          "s1": 7,
          "s2": 1,
          "s3": 4
        },
        "c2": {
          "s1": 381,
          "s3": 48,
          "fail": 70,
          "s2": 1
        }
      },
      "c2_n_total": 500
    },
    "11.0/qsingle_4": {
      "question": "您一般用什么方法来缓解中暑的症状",
      "options": [
        "其他",
        "祛暑产品(藿香正气、十滴水、仁丹等)",
        "理疗(刮痧等)",
        "不在意"
      ],
      "true": [
        12,
        543,
        136,
        90
      ],
      "preds": {
        "m0": [
          0.09053473695773212,
          0.6084064363041556,
          0.13508379425939349,
          0.16597503247871878
        ],
        "m1": [
          0.20825708077915953,
          0.326710246001085,
          0.20555340785356768,
          0.2594792653661879
        ],
        "c2": [
          0.1553633076131345,
          0.4071134057694716,
          0.18741487721136313,
          0.25010840940603074
        ]
      },
      "metrics": {
        "m0": {
          "js": 0.019760976742083058,
          "k_xy": 0.9248301798246868,
          "c_xy": 0.987636312264562
        },
        "m1": {
          "js": 0.09840135815053103,
          "k_xy": 0.8071078360150317,
          "c_xy": 0.800071215767266
        },
        "c2": {
          "js": 0.06526368475461251,
          "k_xy": 0.8518493125582037,
          "c_xy": 0.8909149130453878
        }
      },
      "parse_strats": {
        "m1": {
          "s1": 6,
          "s3": 12,
          "fail": 12
        },
        "c2": {
          "s1": 193,
          "s3": 203,
          "fail": 102,
          "s2": 2
        }
      },
      "c2_n_total": 500
    },
    "10.0/qsingle_3": {
      "question": "您对这类症状感受最深的季节是?",
      "options": [
        "春",
        "全年",
        "夏",
        "冬",
        "秋"
      ],
      "true": [
        110,
        169,
        287,
        109,
        96
      ],
      "preds": {
        "m0": [
          0.18933156128351772,
          0.17044551355828078,
          0.2512131127562322,
          0.182847966495407,
          0.20616184590656236
        ],
        "m1": [
          0.23989777101503865,
          0.12817715742315494,
          0.3116873943503177,
          0.19725217242532941,
          0.12298550478615926
        ],
        "c2": [
          0.08208124169373938,
          0.10249779001646997,
          0.467694013624894,
          0.09934553157016218,
          0.24838142309473438
        ]
      },
      "metrics": {
        "m0": {
          "js": 0.01550744860001206,
          "k_xy": 0.876878644086962,
          "c_xy": 0.9417093617193124
        },
        "m1": {
          "js": 0.01593808482459395,
          "k_xy": 0.9027740837430441,
          "c_xy": 0.9481939307622297
        },
        "c2": {
          "js": 0.03000945579308058,
          "k_xy": 0.8227113274116429,
          "c_xy": 0.9274074459355517
        }
      },
      "parse_strats": {
        "m1": {
          "s1": 8,
          "s3": 7,
          "fail": 15
        },
        "c2": {
          "s1": 308,
          "s3": 83,
          "fail": 109
        }
      },
      "c2_n_total": 500
    }
  },
  "summary": {
    "m0": {
      "js_mean": 0.020478827037469737,
      "js_std": 0.005700534261997182,
      "kxy_mean": 0.901973303794613,
      "cxy_mean": 0.9603365224137359,
      "n_questions": 4
    },
    "m1": {
      "js_mean": 0.05355758905236091,
      "js_std": 0.047435985772517314,
      "kxy_mean": 0.8297896989732986,
      "cxy_mean": 0.8732407353082918,
      "n_questions": 4
    },
    "c2": {
      "js_mean": 0.037298425391910424,
      "js_std": 0.019326651219474807,
      "kxy_mean": 0.8415088070247934,
      "cxy_mean": 0.925079592484939,
      "n_questions": 4
    }
  }
}