{
  "methods_x_schemes": {
    "M0_SSR||default": [
      0.01339630466296575,
      0.046018964395727814,
      0.019823320165945502,
      0.017301093083313387,
      0.04683781222226918,
      0.018045783827240786
    ],
    "M0_SSR||IS_prov": [
      0.01366613111554649,
      0.04712222088501979,
      0.01995623665866926,
      0.017490305131182247,
      0.04678259117919443,
      0.017829366011718084
    ],
    "M0_SSR||OT_prov_fast": [
      0.013144300041396096,
      0.04659501599708157,
      0.020031880811220086,
      0.016891191701413913,
      0.04767426660563516,
      0.018611420088470963
    ],
    "M0_SSR||OT_prov_sinkhorn": [
      0.013396304681865834,
      0.04601896445317703,
      0.019823320173287133,
      0.017301093106137286,
      0.04683781219659692,
      0.018045783772510118
    ],
    "M0_SSR||IS_age": [
      0.01358845992958208,
      0.04595575201598123,
      0.019465710010728755,
      0.017343141702196106,
      0.047025578011044976,
      0.0179453504384203
    ],
    "M0_SSR||IS_prov+age": [
      0.013853475107071394,
      0.04712413251263249,
      0.019625360127293528,
      0.01753653984562011,
      0.04695550320259586,
      0.01769915943534297
    ],
    "M1_LLM||default": [
      0.005831357942679095,
      0.05314212774183284,
      0.0481277335788172,
      0.01549685817402774,
      0.026263293366625196,
      0.007693204566887739
    ],
    "M1_LLM||IS_prov": [
      0.005918797492132888,
      0.0537200527094143,
      0.04751005273936453,
      0.016336866448095275,
      0.02562060140754458,
      0.0076673998989317295
    ],
    "M1_LLM||OT_prov_fast": [
      0.006347665517071029,
      0.05054357524616705,
      0.048644063830263186,
      0.015387312161773758,
      0.028643908684548604,
      0.007837160482636564
    ],
    "M1_LLM||OT_prov_sinkhorn": [
      0.005831357968348384,
      0.05314212785325626,
      0.048127733493791035,
      0.015496858255225093,
      0.026263293239343066,
      0.007693204550689539
    ],
    "M1_LLM||IS_age": [
      0.005881982358633862,
      0.05362970211218392,
      0.04786298757557488,
      0.01570886241496929,
      0.025921220721424193,
      0.007473462574523852
    ],
    "M1_LLM||IS_prov+age": [
      0.005971418132454732,
      0.05418434723793268,
      0.047167529985713066,
      0.016597645884743984,
      0.02527332016792487,
      0.0074706156013279535
    ],
    "M2_SSR+LLM_w0.5||default": [
      0.00865360094969163,
      0.04815069337018804,
      0.032692274100007884,
      0.01595700190639649,
      0.03426266536199139,
      0.011835937043119265
    ],
    "M2_SSR+LLM_w0.5||IS_prov": [
      0.008812640999027267,
      0.049009913842477985,
      0.0325916515441889,
      0.01649884341890859,
      0.0339490455460143,
      0.011733911948179219
    ],
    "M2_SSR+LLM_w0.5||OT_prov_fast": [
      0.008814167319819176,
      0.04723497315028873,
      0.03306978418353312,
      0.015948016626270097,
      0.03565788442181516,
      0.012144575316882558
    ],
    "M2_SSR+LLM_w0.5||OT_prov_sinkhorn": [
      0.008653600973126554,
      0.04815069344907561,
      0.03269227406973515,
      0.01595700194499349,
      0.03426266530496075,
      0.011835937010616412
    ],
    "M2_SSR+LLM_w0.5||IS_age": [
      0.008752829830508912,
      0.04830110622210884,
      0.032341565644299165,
      0.016021108694264315,
      0.03425406281381877,
      0.011646819985570576
    ],
    "M2_SSR+LLM_w0.5||IS_prov+age": [
      0.00891101968698614,
      0.049188103206682425,
      0.032234376003251575,
      0.01658741456625968,
      0.03393998691829286,
      0.011551860541369485
    ],
    "M4_SSR+MLsteer_w0.5||default": [
      0.014856770454087061,
      0.06781040199388116,
      0.03168028310929672,
      0.021317546777608744,
      0.04112430036994828,
      0.012339659207576785
    ],
    "M4_SSR+MLsteer_w0.5||IS_prov": [
      0.014907706789146019,
      0.06848106813560756,
      0.03086075220114027,
      0.02170680635478351,
      0.04070845972763042,
      0.01216426667167387
    ],
    "M4_SSR+MLsteer_w0.5||OT_prov_fast": [
      0.014684099460293707,
      0.06911295427657119,
      0.028871551588933578,
      0.021132997992266197,
      0.040593718728580544,
      0.012563516944689289
    ],
    "M4_SSR+MLsteer_w0.5||OT_prov_sinkhorn": [
      0.014856770440646021,
      0.06781040201021564,
      0.03168028322436499,
      0.021317546812309927,
      0.04112430041795408,
      0.012339659185384735
    ],
    "M4_SSR+MLsteer_w0.5||IS_age": [
      0.01493629333041203,
      0.06739502366599202,
      0.03170436829467658,
      0.02141238113923815,
      0.04135084186768997,
      0.01230889264190508
    ],
    "M4_SSR+MLsteer_w0.5||IS_prov+age": [
      0.014973918355186692,
      0.06811510495145123,
      0.030966235375229988,
      0.021802662641507438,
      0.0408930338696203,
      0.01212223228434555
    ],
    "M2+M4_triple||default": [
      0.01127884560261429,
      0.06193688726448896,
      0.035912519682007295,
      0.018523403543254432,
      0.0338946873262547,
      0.010319827493023234
    ],
    "M2+M4_triple||IS_prov": [
      0.011339932864222748,
      0.06256164996463484,
      0.03525574211587499,
      0.019063181379157752,
      0.033432762351083826,
      0.010202867963612725
    ],
    "M2+M4_triple||OT_prov_fast": [
      0.011432725543676383,
      0.061775861762841715,
      0.03411502900278127,
      0.018635468558368853,
      0.03409380062864474,
      0.010536579632947655
    ],
    "M2+M4_triple||OT_prov_sinkhorn": [
      0.011278845607835089,
      0.06193688731523132,
      0.035912519740419986,
      0.0185234035736068,
      0.033894687338435384,
      0.010319827471356211
    ],
    "M2+M4_triple||IS_age": [
      0.011349121453077697,
      0.06184946389490247,
      0.035809011341071034,
      0.018571040845292437,
      0.03401315113540456,
      0.010201674032180034
    ],
    "M2+M4_triple||IS_prov+age": [
      0.011403863848973284,
      0.06249664182316011,
      0.03520195470681206,
      0.019124875623455644,
      0.03352867824444435,
      0.010088288439119393
    ]
  },
  "adaptive_n": {
    "SSR_n=30": [
      0.013654673985434355,
      0.046958570665447376,
      0.020301893146517973,
      0.01741461469925685,
      0.046523861081735826,
      0.018164911827077284
    ],
    "SSR_n=50": [
      0.01339630466296575,
      0.046018964395727814,
      0.019823320165945502,
      0.017301093083313387,
      0.04683781222226918,
      0.018045783827240786
    ],
    "SSR_n=80": [
      0.013439658524912579,
      0.0464992372798547,
      0.01996072760651906,
      0.017305459518248988,
      0.04696500827772685,
      0.017846095609264243
    ],
    "SSR_n=120": [
      0.01340731707539571,
      0.04576083578614967,
      0.019990574925143383,
      0.01731449669688879,
      0.0463789935832149,
      0.017997186441305737
    ],
    "SSR_n=160": [
      0.013388730454742055,
      0.0458222272649444,
      0.0199344966474277,
      0.017289133593697513,
      0.04640820499100907,
      0.018029340218094925
    ],
    "SSR_adaptive_var": [
      0.013654673985434355,
      0.046958570665447376,
      0.020301893146517973,
      0.01741461469925685,
      0.046523861081735826,
      0.018164911827077284
    ]
  },
  "weight_schemes_values": {
    "default": null,
    "IS_prov": {
      "46": 1.0897628779671733,
      "63": 0.7977209913247286,
      "58": 1.0366370416904889,
      "27": 1.061876750615609,
      "22": 0.721694610599534,
      "20": 0.9097057054937367,
      "61": 1.488108374194021,
      "53": 0.9096133426081018,
      "56": 1.0202244070038602,
      "48": 0.9646558985027464
    },
    "OT_prov_fast": {
      "46": 0.8235612234399581,
      "63": 0.7105726245994292,
      "58": 1.1703797587618285,
      "27": 1.030670573065281,
      "22": 0.46863739198206067,
      "20": 1.2815318149276196,
      "61": 0.7917581965574073,
      "53": 1.3119122474242486,