{
  "config": {
    "device": "cuda:0",
    "top_k": 10,
    "n_posts": 50,
    "output": "/data/chenhongrui/business/results/b1_c2_pmfs_6q.json",
    "skip_c2": false
  },
  "top_clusters": [
    "46",
    "63",
    "58",
    "27",
    "22",
    "20",
    "61",
    "53",
    "56",
    "48"
  ],
  "per_question": {
    "8.0/qsingle_3": {
      "question": "请问您认为哪个季节容易发生肠胃感冒?",
      "options": [
        "全年",
        "夏",
        "冬",
        "秋",
        "春"
      ],
      "true": [
        232.0,
        263.0,
        123.0,
        119.0,
        153.0
      ],
      "pred_b1": [
        0.17100891527066484,
        0.23565954480996407,
        0.13131046388059273,
        0.22332667003444387,
        0.2386944060043345
      ],
      "b1": {
        "js": 0.0148356038252663,
        "k_xy": 0.8435969014355136,
        "c_xy": 0.9443268599414385
      },
      "pred_c2": [
        0.2277966944565729,
        0.315552056883811,
        0.14876427581295665,
        0.14920553634290173,
        0.15868143650375752
      ],
      "c2": {
        "js": 0.0011600021710708353,
        "k_xy": 0.9671225371304225,
        "c_xy": 0.9954637236834664
      }
    },
    "8.0/qsingle_4": {
      "question": "请问您发生肠胃感冒的场景往往是? ",
      "options": [
        "冷热刺激(高温乘凉不当、猛吹空调等)",
        "天气变化大",
        "饮食不良(喜吃辛辣、冰饮等)",
        "病毒感染",
        "其他"
      ],
      "true": [
        303.0,
        157.0,
        275.0,
        138.0,
        17.0
      ],
      "pred_b1": [
        0.25491621580307317,
        0.27945521649400157,
        0.13628010689804518,
        0.22319910018178268,
        0.10614936062309746
      ],
      "b1": {
        "js": 0.045903643600446215,
        "k_xy": 0.8448088424988413,
        "c_xy": 0.8810852315749016
      },
      "pred_c2": [
        0.22061648316939156,
        0.16980168193321513,
        0.2320001162878192,
        0.268269843569819,
        0.10931187503975524
      ],
      "c2": {
        "js": 0.03439405362875517,
        "k_xy": 0.7965755846989705,
        "c_xy": 0.9196651831528991
      }
    },
    "9.0/qsingle_3": {
      "question": "请问您觉得产生湿气的原因是? ",
      "options": [
        "体质问题",
        "久坐不运动",
        "爱吃冷饮、火锅",
        "环境潮湿",
        "其他"
      ],
      "true": [
        183.0,
        248.0,
        269.0,
        170.0,
        14.0
      ],
      "pred_b1": [
        0.2636967095279981,
        0.21015272493935772,
        0.2544592398616143,
        0.19930400423030398,
        0.07238732144072593
      ],
      "b1": {
        "js": 0.015202711359321951,
        "k_xy": 0.9364534706362296,
        "c_xy": 0.9724172388720561
      },
      "pred_c2": [
        0.21595499114700004,
        0.17838857956911144,
        0.2121289116170488,
        0.2859724335072202,
        0.10755508415961948
      ],
      "c2": {
        "js": 0.03365044069335727,
        "k_xy": 0.8146172786526037,
        "c_xy": 0.9252179726019966
      }
    },
    "9.0/qsingle_4": {
      "question": "您觉得湿气重更容易发生在哪个季节?",
      "options": [
        "夏",
        "秋",
        "春",
        "全年",
        "冬"
      ],
      "true": [
        254.0,
        100.0,
        152.0,
        258.0,
        120.0
      ],
      "pred_b1": [
        0.26128880837314883,
        0.22074456059865324,
        0.16957507615269074,
        0.17340148108228737,
        0.1749900737932198
      ],
      "b1": {
        "js": 0.018008660584233335,
        "k_xy": 0.918419119764184,
        "c_xy": 0.9372097444775205
      },
      "pred_c2": [
        0.5479244601639818,
        0.1418515756968865,
        0.14409711088380178,
        0.09851754734660231,
        0.06760930590872757
      ],
      "c2": {
        "js": 0.05294188819373794,
        "k_xy": 0.7106764528958922,
        "c_xy": 0.8287861340092161
      }
    },
    "9.0/qsingle_5": {
      "question": "您一般用什么方法来缓解湿气重的症状?",
      "options": [
        "不在意",
        "饮食调理",
        "刮痧、蒸桑拿、运动等",
        "对症中药"
      ],
      "true": [
        176.0,
        327.0,
        303.0,
        77.0
      ],
      "pred_b1": [
        0.11966162542889522,
        0.3192183049102032,
        0.21783925637903986,
        0.34328081328186183
      ],
      "b1": {
        "js": 0.05375580229514247,
        "k_xy": 0.7439219046592611,
        "c_xy": 0.8459503799543635
      },
      "pred_c2": [
        0.20838324880757103,
        0.23958157426714202,
        0.3105758444421913,
        0.2414593324830956
      ],
      "c2": {
        "js": 0.026349120439865606,
        "k_xy": 0.8457433854478451,
        "c_xy": 0.9278962107486208
      }
    },
    "11.0/qsingle_3": {
      "question": "请问您需要预防中暑的场景往往是? ",
      "options": [
        "出⻔旅游，随身带防暑产品",
        "空调吹多了，有头痛、昏重症状",
        "天热⻋里常备，以防⻓时间开⻋引发不适",
        "天气炎热，出⻔前防暑",
        "温差大，从空调室内一下子到户外，感觉要中暑/轻微中暑"
      ],
      "true": [
        143.0,
        110.0,
        120.0,
        177.0,
        231.0
      ],
      "pred_b1": [
        0.18720830282158266,
        0.20032765593932994,
        0.2353372139696495,
        0.2337058569236109,
        0.1434209703458269
      ],
      "b1": {
        "js": 0.020456513691154896,
        "k_xy": 0.8476463225441607,
        "c_xy": 0.9208212336533774
      },
      "pred_c2": [
        0.19151363652145542,
        0.16031173745354016,
        0.1534923768066893,
        0.29329599959368524,
        0.20138624962462984
      ],
      "c2": {
        "js": 0.007012148233406262,
        "k_xy": 0.905611601817167,
        "c_xy": 0.9678037313813093
      }
    }
  },
  "summary": {
    "B1_centroid_SSR": {
      "js": 0.028027155892594195,
      "k_xy": 0.8558077602563651,
      "c_xy": 0.916968448078943
    },
    "C2_per_post_LLMdist": {
      "js": 0.02591794222669885,
      "k_xy": 0.8400578067738169,
      "c_xy": 0.9274721592629179
    }
  },
  "c2_parse_stats": [
    {
      "q": "8.0/qsingle_3",
      "n_fail": 91,
      "n_total": 500
    },
    {
      "q": "8.0/qsingle_4",
      "n_fail": 124,
      "n_total": 500
    },
    {
      "q": "9.0/qsingle_3",
      "n_fail": 51,
      "n_total": 500
    },
    {
      "q": "9.0/qsingle_4",
      "n_fail": 17,
      "n_total": 500
    },
    {
      "q": "9.0/qsingle_5",
      "n_fail": 266,
      "n_total": 500
    },
    {
      "q": "11.0/qsingle_3",
      "n_fail": 79,
      "n_total": 500
    }
  ]
}