{
  "1000004": {
    "8.0": {
      "qsingle_3": {
        "question": "请问您认为哪个季节容易发生肠胃感冒?",
        "options": [
          "全年",
          "冬",
          "夏",
          "春",
          "秋"
        ],
        "true_distribution": {
          "全年": 232,
          "冬": 123,
          "夏": 263,
          "春": 153,
          "秋": 119
        },
        "predicted_pmf": [
          0.013686342617122555,
          0.08159383829469698,
          0.5969124602324465,
          0.09152742478049453,
          0.21627993407523935
        ],
        "method": "persona_prompt"
      },
      "qsingle_4": {
        "question": "请问您发生肠胃感冒的场景往往是? ",
        "options": [
          "其他",
          "冷热刺激(高温乘凉不当、猛吹空调等)",
          "天气变化大",
          "病毒感染",
          "饮食不良(喜吃辛辣、冰饮等)"
        ],
        "true_distribution": {
          "其他": 17,
          "冷热刺激(高温乘凉不当、猛吹空调等)": 303,
          "天气变化大": 157,
          "病毒感染": 138,
          "饮食不良(喜吃辛辣、冰饮等)": 275
        },
        "predicted_pmf": [
          0.017303578339047408,
          0.32578714540142534,
          0.061979523254529136,
          0.15859911777884722,
          0.4363306352261508
        ],
        "method": "persona_prompt"
      }
    },
    "9.0": {
      "qsingle_3": {
        "question": "请问您觉得产生湿气的原因是? ",
        "options": [
          "久坐不运动",
          "体质问题",
          "其他",
          "爱吃冷饮、火锅",
          "环境潮湿"
        ],
        "true_distribution": {
          "久坐不运动": 248,
          "体质问题": 183,
          "其他": 14,
          "爱吃冷饮、火锅": 269,
          "环境潮湿": 170
        },
        "predicted_pmf": [
          0.24285054887197413,
          0.36492436096880615,
          0.001545915439866054,
          0.3088264572292186,
          0.08185271749013488
        ],
        "method": "persona_prompt"
      },
      "qsingle_4": {
        "question": "您觉得湿气重更容易发生在哪个季节?",
        "options": [
          "全年",
          "冬",
          "夏",
          "春",
          "秋"
        ],
        "true_distribution": {
          "全年": 258,
          "冬": 120,
          "夏": 254,
          "春": 152,
          "秋": 100
        },
        "predicted_pmf": [
          0.027181641817615287,
          0.060764983166901744,
          0.5954451159617841,
          0.10066756144427173,
          0.2159406976094272
        ],
        "method": "persona_prompt"
      },
      "qsingle_5": {
        "question": "您一般用什么方法来缓解湿气重的症状?",
        "options": [
          "不在意",
          "刮痧、蒸桑拿、运动等",
          "对症中药",
          "饮食调理"
        ],
        "true_distribution": {
          "不在意": 176,
          "刮痧、蒸桑拿、运动等": 303,
          "对症中药": 77,
          "饮食调理": 327
        },
        "predicted_pmf": [
          1.5956064853705188e-05,
          0.1499653696124116,
          0.43350508188004766,
          0.41651359244268693
        ],
        "method": "persona_prompt"
      }
    },
    "11.0": {
      "qsingle_3": {
        "question": "请问您需要预防中暑的场景往往是? ",
        "options": [
          "出⻔旅游，随身带防暑产品",
          "天气炎热，出⻔前防暑",
          "天热⻋里常备，以防⻓时间开⻋引发不适",
          "温差大，从空调室内一下子到户外，感觉要中暑/轻微中暑",
          "空调吹多了，有头痛、昏重症状"
        ],
        "true_distribution": {
          "出⻔旅游，随身带防暑产品": 143,
          "天气炎热，出⻔前防暑": 177,
          "天热⻋里常备，以防⻓时间开⻋引发不适": 120,
          "温差大，从空调室内一下子到户外，感觉要中暑/轻微中暑": 231,
          "空调吹多了，有头痛、昏重症状": 110
        },
        "predicted_pmf": [
          0.29095959150845147,
          0.19804215771758935,
          0.2970653386350024,
          0.017659908944752667,
          0.19627300319420402
        ],
        "method": "persona_prompt"
      }
    }
  }
}