{
  "config": {
    "device": "cuda:0",
    "top_k": 10,
    "n_posts": 50,
    "seed": 2026,
    "question_idx": -1,
    "output": "/data/chenhongrui/business/results/c2_hardened_6q.json"
  },
  "top_clusters": [
    "46",
    "63",
    "58",
    "27",
    "22",
    "20",
    "61",
    "53",
    "56",
    "48"
  ],
  "per_question": {
    "8.0/qsingle_3": {
      "question": "请问您认为哪个季节容易发生肠胃感冒?",
      "options": [
        "全年",
        "夏",
        "冬",
        "秋",
        "春"
      ],
      "true": [
        232.0,
        263.0,
        123.0,
        119.0,
        153.0
      ],
      "pred_c2_hardened": [
        0.2178419534519179,
        0.3164378574849286,
        0.14404016456456759,
        0.14622690837316438,
        0.17545311612542144
      ],
      "c2_hardened": {
        "js": 0.0013180428669178049,
        "k_xy": 0.957167796126763,
        "c_xy": 0.9944061328758125
      },
      "parse_stats": {
        "s1_json_obj": 417,
        "s2_bracket_exact": 0,
        "s3_last_n_nums": 29,
        "s4_percent_lines": 0,
        "fail": 54
      },
      "n_total": 500
    },
    "8.0/qsingle_4": {
      "question": "请问您发生肠胃感冒的场景往往是? ",
      "options": [
        "冷热刺激(高温乘凉不当、猛吹空调等)",
        "天气变化大",
        "饮食不良(喜吃辛辣、冰饮等)",
        "病毒感染",
        "其他"
      ],
      "true": [
        303.0,
        157.0,
        275.0,
        138.0,
        17.0
      ],
      "pred_c2_hardened": [
        0.20894739223491343,
        0.1605634241404734,
        0.2322316199448577,
        0.27244887418232416,
        0.12580868949743126
      ],
      "c2_hardened": {
        "js": 0.0410037934399712,
        "k_xy": 0.7758997396308568,
        "c_xy": 0.9044371335825603
      },
      "parse_stats": {
        "s1_json_obj": 384,
        "s2_bracket_exact": 0,
        "s3_last_n_nums": 40,
        "s4_percent_lines": 0,
        "fail": 76
      },
      "n_total": 500
    },
    "9.0/qsingle_3": {
      "question": "请问您觉得产生湿气的原因是? ",
      "options": [
        "体质问题",
        "久坐不运动",
        "爱吃冷饮、火锅",
        "环境潮湿",
        "其他"
      ],
      "true": [
        183.0,
        248.0,
        269.0,
        170.0,
        14.0
      ],
      "pred_c2_hardened": [
        0.2056094910038221,
        0.17012415144284282,
        0.20884401008222633,
        0.2831255196386512,
        0.13229682783245758
      ],
      "c2_hardened": {
        "js": 0.041818901008805476,
        "k_xy": 0.792722448850524,
        "c_xy": 0.9102584117294099
      },
      "parse_stats": {
        "s1_json_obj": 449,
        "s2_bracket_exact": 0,
        "s3_last_n_nums": 27,
        "s4_percent_lines": 0,
        "fail": 24
      },
      "n_total": 500
    },
    "9.0/qsingle_4": {
      "question": "您觉得湿气重更容易发生在哪个季节?",
      "options": [
        "夏",
        "秋",
        "春",
        "全年",
        "冬"
      ],
      "true": [
        254.0,
        100.0,
        152.0,
        258.0,
        120.0
      ],
      "pred_c2_hardened": [
        0.5491851212637894,
        0.14178543558812184,
        0.14216696839399076,
        0.09810958679599588,
        0.0687528879581022
      ],
      "c2_hardened": {
        "js": 0.053111993360593926,
        "k_xy": 0.7094819319049686,
        "c_xy": 0.827960083387137
      },
      "parse_stats": {
        "s1_json_obj": 484,
        "s2_bracket_exact": 1,
        "s3_last_n_nums": 4,
        "s4_percent_lines": 0,
        "fail": 11
      },
      "n_total": 500
    },
    "9.0/qsingle_5": {
      "question": "您一般用什么方法来缓解湿气重的症状?",
      "options": [
        "不在意",
        "饮食调理",
        "刮痧、蒸桑拿、运动等",
        "对症中药"
      ],
      "true": [
        176.0,
        327.0,
        303.0,
        77.0
      ],
      "pred_c2_hardened": [
        0.15047451903431514,
        0.19844183162846604,
        0.30606887042272624,
        0.34501477891449256
      ],
      "c2_hardened": {
        "js": 0.05656182575024479,
        "k_xy": 0.7421879390268038,
        "c_xy": 0.8280125291188173
      },
      "parse_stats": {
        "s1_json_obj": 249,
        "s2_bracket_exact": 1,
        "s3_last_n_nums": 139,
        "s4_percent_lines": 0,
        "fail": 111
      },
      "n_total": 500
    },
    "11.0/qsingle_3": {
      "question": "请问您需要预防中暑的场景往往是? ",
      "options": [
        "出⻔旅游，随身带防暑产品",
        "空调吹多了，有头痛、昏重症状",
        "天热⻋里常备，以防⻓时间开⻋引发不适",
        "天气炎热，出⻔前防暑",
        "温差大，从空调室内一下子到户外，感觉要中暑/轻微中暑"
      ],
      "true": [
        143.0,
        110.0,
        120.0,
        177.0,
        231.0
      ],
      "pred_c2_hardened": [
        0.17790369981957815,
        0.1476361024563305,
        0.1394342340305479,
        0.28540579102558805,
        0.24962017266795525
      ],
      "c2_hardened": {
        "js": 0.00289898704732422,
        "k_xy": 0.9538455248556692,
        "c_xy": 0.986452479158896
      },
      "parse_stats": {
        "s1_json_obj": 429,
        "s2_bracket_exact": 1,
        "s3_last_n_nums": 30,
        "s4_percent_lines": 0,
        "fail": 40
      },
      "n_total": 500
    }
  },
  "parse_stats": {
    "8.0/qsingle_3": {
      "s1_json_obj": 417,
      "s2_bracket_exact": 0,
      "s3_last_n_nums": 29,
      "s4_percent_lines": 0,
      "fail": 54
    },
    "8.0/qsingle_4": {
      "s1_json_obj": 384,
      "s2_bracket_exact": 0,
      "s3_last_n_nums": 40,
      "s4_percent_lines": 0,
      "fail": 76
    },
    "9.0/qsingle_3": {
      "s1_json_obj": 449,
      "s2_bracket_exact": 0,
      "s3_last_n_nums": 27,
      "s4_percent_lines": 0,
      "fail": 24
    },
    "9.0/qsingle_4": {
      "s1_json_obj": 484,
      "s2_bracket_exact": 1,
      "s3_last_n_nums": 4,
      "s4_percent_lines": 0,
      "fail": 11
    },
    "9.0/qsingle_5": {
      "s1_json_obj": 249,
      "s2_bracket_exact": 1,
      "s3_last_n_nums": 139,
      "s4_percent_lines": 0,
      "fail": 111
    },
    "11.0/qsingle_3": {
      "s1_json_obj": 429,
      "s2_bracket_exact": 1,
      "s3_last_n_nums": 30,
      "s4_percent_lines": 0,
      "fail": 40
    }
  },
  "summary": {
    "C2_hardened": {
      "js": 0.03278559057897624,
      "k_xy": 0.8218842300659309,
      "c_xy": 0.9085877949754387
    }
  }
}