{
  "1000004": {
    "8.0": {
      "qsingle_3": {
        "question": "请问您认为哪个季节容易发生肠胃感冒?",
        "options": [
          "全年",
          "冬",
          "夏",
          "春",
          "秋"
        ],
        "true_distribution": {
          "全年": 232,
          "冬": 123,
          "夏": 263,
          "春": 153,
          "秋": 119
        },
        "predicted_pmf": [
          0.1489178386566845,
          0.24302765203175164,
          0.1802499088984616,
          0.17544255296151717,
          0.2523620474515851
        ],
        "control_type": "random"
      },
      "qsingle_4": {
        "question": "请问您发生肠胃感冒的场景往往是? ",
        "options": [
          "其他",
          "冷热刺激(高温乘凉不当、猛吹空调等)",
          "天气变化大",
          "病毒感染",
          "饮食不良(喜吃辛辣、冰饮等)"
        ],
        "true_distribution": {
          "其他": 17,
          "冷热刺激(高温乘凉不当、猛吹空调等)": 303,
          "天气变化大": 157,
          "病毒感染": 138,
          "饮食不良(喜吃辛辣、冰饮等)": 275
        },
        "predicted_pmf": [
          0.5708519021077064,
          0.1028666706219569,
          0.10748401302272512,
          0.14738470060476164,
          0.07141271364284994
        ],
        "control_type": "random"
      }
    },
    "9.0": {
      "qsingle_3": {
        "question": "请问您觉得产生湿气的原因是? ",
        "options": [
          "久坐不运动",
          "体质问题",
          "其他",
          "爱吃冷饮、火锅",
          "环境潮湿"
        ],
        "true_distribution": {
          "久坐不运动": 248,
          "体质问题": 183,
          "其他": 14,
          "爱吃冷饮、火锅": 269,
          "环境潮湿": 170
        },
        "predicted_pmf": [
          0.23603534132419388,
          0.1819181784343769,
          0.25393187481574275,
          0.16299957090991035,
          0.1651150345157762
        ],
        "control_type": "random"
      },
      "qsingle_4": {
        "question": "您觉得湿气重更容易发生在哪个季节?",
        "options": [
          "全年",
          "冬",
          "夏",
          "春",
          "秋"
        ],
        "true_distribution": {
          "全年": 258,
          "冬": 120,
          "夏": 254,
          "春": 152,
          "秋": 100
        },
        "predicted_pmf": [
          0.1787561451571372,
          0.225520821441863,
          0.1938850804060798,
          0.15092887157881357,
          0.2509090814161064
        ],
        "control_type": "random"
      },
      "qsingle_5": {
        "question": "您一般用什么方法来缓解湿气重的症状?",
        "options": [
          "不在意",
          "刮痧、蒸桑拿、运动等",
          "对症中药",
          "饮食调理"
        ],
        "true_distribution": {
          "不在意": 176,
          "刮痧、蒸桑拿、运动等": 303,
          "对症中药": 77,
          "饮食调理": 327
        },
        "predicted_pmf": [
          0.24018441865955342,
          0.30463273840867655,
          0.2583797976067102,
          0.1968030453250599
        ],
        "control_type": "random"
      }
    },
    "11.0": {
      "qsingle_3": {
        "question": "请问您需要预防中暑的场景往往是? ",
        "options": [
          "出⻔旅游，随身带防暑产品",
          "天气炎热，出⻔前防暑",
          "天热⻋里常备，以防⻓时间开⻋引发不适",
          "温差大，从空调室内一下子到户外，感觉要中暑/轻微中暑",
          "空调吹多了，有头痛、昏重症状"
        ],
        "true_distribution": {
          "出⻔旅游，随身带防暑产品": 143,
          "天气炎热，出⻔前防暑": 177,
          "天热⻋里常备，以防⻓时间开⻋引发不适": 120,
          "温差大，从空调室内一下子到户外，感觉要中暑/轻微中暑": 231,
          "空调吹多了，有头痛、昏重症状": 110
        },
        "predicted_pmf": [
          0.17940504923473563,
          0.2630272845332259,
          0.21545307530447916,
          0.16169053845328474,
          0.1804240524742746
        ],
        "control_type": "random"
      }
    }
  }
}