{
  "1000004": {
    "8.0": {
      "qsingle_3": {
        "question": "请问您认为哪个季节容易发生肠胃感冒?",
        "options": [
          "全年",
          "冬",
          "夏",
          "春",
          "秋"
        ],
        "true_distribution": {
          "全年": 232,
          "冬": 123,
          "夏": 263,
          "春": 153,
          "秋": 119
        },
        "predicted_pmf": [
          0.10875957297494046,
          0.24027312656232153,
          0.1758547631062922,
          0.24511403210866659,
          0.22999850524777923
        ],
        "control_type": "shuffled"
      },
      "qsingle_4": {
        "question": "请问您发生肠胃感冒的场景往往是? ",
        "options": [
          "其他",
          "冷热刺激(高温乘凉不当、猛吹空调等)",
          "天气变化大",
          "病毒感染",
          "饮食不良(喜吃辛辣、冰饮等)"
        ],
        "true_distribution": {
          "其他": 17,
          "冷热刺激(高温乘凉不当、猛吹空调等)": 303,
          "天气变化大": 157,
          "病毒感染": 138,
          "饮食不良(喜吃辛辣、冰饮等)": 275
        },
        "predicted_pmf": [
          0.5411981317699815,
          0.12279499670524337,
          0.10947082889915219,
          0.15337597771235098,
          0.07316006491327189
        ],
        "control_type": "shuffled"
      }
    },
    "9.0": {
      "qsingle_3": {
        "question": "请问您觉得产生湿气的原因是? ",
        "options": [
          "久坐不运动",
          "体质问题",
          "其他",
          "爱吃冷饮、火锅",
          "环境潮湿"
        ],
        "true_distribution": {
          "久坐不运动": 248,
          "体质问题": 183,
          "其他": 14,
          "爱吃冷饮、火锅": 269,
          "环境潮湿": 170
        },
        "predicted_pmf": [
          0.1937302340305358,
          0.20321309044549046,
          0.20199952054452686,
          0.17464982294548997,
          0.22640733203395688
        ],
        "control_type": "shuffled"
      },
      "qsingle_4": {
        "question": "您觉得湿气重更容易发生在哪个季节?",
        "options": [
          "全年",
          "冬",
          "夏",
          "春",
          "秋"
        ],
        "true_distribution": {
          "全年": 258,
          "冬": 120,
          "夏": 254,
          "春": 152,
          "秋": 100
        },
        "predicted_pmf": [
          0.1290225434596437,
          0.21500649246156917,
          0.1923152222060318,
          0.2236305794711651,
          0.24002516240159028
        ],
        "control_type": "shuffled"
      },
      "qsingle_5": {
        "question": "您一般用什么方法来缓解湿气重的症状?",
        "options": [
          "不在意",
          "刮痧、蒸桑拿、运动等",
          "对症中药",
          "饮食调理"
        ],
        "true_distribution": {
          "不在意": 176,
          "刮痧、蒸桑拿、运动等": 303,
          "对症中药": 77,
          "饮食调理": 327
        },
        "predicted_pmf": [
          0.13696857361114895,
          0.2514186926689569,
          0.3270442598402206,
          0.28456847387967354
        ],
        "control_type": "shuffled"
      }
    },
    "11.0": {
      "qsingle_3": {
        "question": "请问您需要预防中暑的场景往往是? ",
        "options": [
          "出⻔旅游，随身带防暑产品",
          "天气炎热，出⻔前防暑",
          "天热⻋里常备，以防⻓时间开⻋引发不适",
          "温差大，从空调室内一下子到户外，感觉要中暑/轻微中暑",
          "空调吹多了，有头痛、昏重症状"
        ],
        "true_distribution": {
          "出⻔旅游，随身带防暑产品": 143,
          "天气炎热，出⻔前防暑": 177,
          "天热⻋里常备，以防⻓时间开⻋引发不适": 120,
          "温差大，从空调室内一下子到户外，感觉要中暑/轻微中暑": 231,
          "空调吹多了，有头痛、昏重症状": 110
        },
        "predicted_pmf": [
          0.15935361848292842,
          0.2351599477743528,
          0.23777523180928845,
          0.1862406994780643,
          0.18147050245536608
        ],
        "control_type": "shuffled"
      }
    }
  }
}