{
  "1000004": {
    "8.0": {
      "qsingle_3": {
        "question": "请问您认为哪个季节容易发生肠胃感冒?",
        "options": [
          "全年",
          "冬",
          "夏",
          "春",
          "秋"
        ],
        "true_distribution": {
          "全年": 232,
          "冬": 123,
          "夏": 263,
          "春": 153,
          "秋": 119
        },
        "predicted_pmf": [
          0.15097807164747115,
          0.27536651007390417,
          0.19657761693091894,
          0.17500812342339772,
          0.20206967792430794
        ],
        "control_type": "zero"
      },
      "qsingle_4": {
        "question": "请问您发生肠胃感冒的场景往往是? ",
        "options": [
          "其他",
          "冷热刺激(高温乘凉不当、猛吹空调等)",
          "天气变化大",
          "病毒感染",
          "饮食不良(喜吃辛辣、冰饮等)"
        ],
        "true_distribution": {
          "其他": 17,
          "冷热刺激(高温乘凉不当、猛吹空调等)": 303,
          "天气变化大": 157,
          "病毒感染": 138,
          "饮食不良(喜吃辛辣、冰饮等)": 275
        },
        "predicted_pmf": [
          0.036923768166547966,
          0.20588683788020554,
          0.04706499580410432,
          0.09787237178709624,
          0.6122520263620459
        ],
        "control_type": "zero"
      }
    },
    "9.0": {
      "qsingle_3": {
        "question": "请问您觉得产生湿气的原因是? ",
        "options": [
          "久坐不运动",
          "体质问题",
          "其他",
          "爱吃冷饮、火锅",
          "环境潮湿"
        ],
        "true_distribution": {
          "久坐不运动": 248,
          "体质问题": 183,
          "其他": 14,
          "爱吃冷饮、火锅": 269,
          "环境潮湿": 170
        },
        "predicted_pmf": [
          0.24179095933127362,
          0.31555976192875496,
          0.08237216156195329,
          0.23262540359179967,
          0.12765171358621852
        ],
        "control_type": "zero"
      },
      "qsingle_4": {
        "question": "您觉得湿气重更容易发生在哪个季节?",
        "options": [
          "全年",
          "冬",
          "夏",
          "春",
          "秋"
        ],
        "true_distribution": {
          "全年": 258,
          "冬": 120,
          "夏": 254,
          "春": 152,
          "秋": 100
        },
        "predicted_pmf": [
          0.14055992054419192,
          0.20265856476641414,
          0.24587538090897287,
          0.2133185025017812,
          0.1975876312786399
        ],
        "control_type": "zero"
      },
      "qsingle_5": {
        "question": "您一般用什么方法来缓解湿气重的症状?",
        "options": [
          "不在意",
          "刮痧、蒸桑拿、运动等",
          "对症中药",
          "饮食调理"
        ],
        "true_distribution": {
          "不在意": 176,
          "刮痧、蒸桑拿、运动等": 303,
          "对症中药": 77,
          "饮食调理": 327
        },
        "predicted_pmf": [
          0.05031105783447772,
          0.13608595834026746,
          0.42124744924413215,
          0.39235553458112266
        ],
        "control_type": "zero"
      }
    },
    "11.0": {
      "qsingle_3": {
        "question": "请问您需要预防中暑的场景往往是? ",
        "options": [
          "出⻔旅游，随身带防暑产品",
          "天气炎热，出⻔前防暑",
          "天热⻋里常备，以防⻓时间开⻋引发不适",
          "温差大，从空调室内一下子到户外，感觉要中暑/轻微中暑",
          "空调吹多了，有头痛、昏重症状"
        ],
        "true_distribution": {
          "出⻔旅游，随身带防暑产品": 143,
          "天气炎热，出⻔前防暑": 177,
          "天热⻋里常备，以防⻓时间开⻋引发不适": 120,
          "温差大，从空调室内一下子到户外，感觉要中暑/轻微中暑": 231,
          "空调吹多了，有头痛、昏重症状": 110
        },
        "predicted_pmf": [
          0.19637572740027912,
          0.17695809234194634,
          0.25561270571069494,
          0.15702488766817477,
          0.21402858687890483
        ],
        "control_type": "zero"
      }
    }
  }
}