{
  "1000004": {
    "8.0": {
      "qsingle_3": {
        "question": "请问您认为哪个季节容易发生肠胃感冒?",
        "options": [
          "全年",
          "夏",
          "冬",
          "秋",
          "春"
        ],
        "true_distribution": {
          "全年": 232,
          "夏": 263,
          "冬": 123,
          "秋": 119,
          "春": 153
        },
        "predicted_pmf": [
          0.11922914948631348,
          0.2580232160885164,
          0.11184844327239575,
          0.36948573342071717,
          0.14141341387885498
        ],
        "cluster_weights": {
          "56": 0.01340903385566393,
          "11": 0.006023037681299864,
          "20": 0.07764193098088469,
          "9": 0.006168978235447096,
          "29": 0.00592548700105072,
          "36": 0.0022448926983120506,
          "33": 0.00027128236553727,
          "51": 0.0090790854731107,
          "59": 0.006842798241228388,
          "19": 0.007347766152746358,
          "7": 0.005935813203025128,
          "53": 0.014321095242594607,
          "55": 0.00275731236063989,
          "10": 0.005352973958932093,
          "2": 0.00827980739002419,
          "15": 0.004879278001184881,
          "44": 0.008071392687884553,
          "60": 0.007215178291780999,
          "8": 0.0037839868980490323,
          "24": 0.0035807057832412063,
          "52": 0.009697033446175446,
          "28": 0.009243589222146277,
          "17": 0.0035802925920657186,
          "39": 0.007183795438214223,
          "6": 0.005826784393888096,
          "21": 0.0,
          "62": 0.009477106629726562,
          "57": 0.007836950519101986,
          "4": 0.0060911695075955875,
          "61": 0.06504013674043756,
          "64": 0.007322572223279955,
          "48": 0.010728950682006032,
          "50": 0.0077185649868525144,
          "0": 0.008368153387203819,
          "37": 0.0042336533741880325,
          "54": 0.007159236499515344,
          "27": 0.08594877287924792,
          "47": 0.00788409008723529,
          "38": 0.005061838741201169,
          "58": 0.09483939488126394,
          "22": 0.07822991454454788,
          "49": 0.004442608265656663,
          "3": 0.0026528680059737415,
          "26": 0.007810597507896555,
          "42": 0.0026479347537573176,
          "63": 0.11053307543469969,
          "40": 0.007645795044894285,
          "1": 0.005913039393300865,
          "32": 0.005829081092889507,
          "5": 0.006960448615152646,
          "13": 0.0015764584874631924,
          "45": 0.007883102721309451,
          "65": 0.006765499294697286,
          "23": 0.007479550884543777,
          "16": 0.006865006819734234,
          "43": 0.007453931242957175,
          "12": 0.008663488487532338,
          "46": 0.11162003653218945,
          "18": 0.005996611333132549,
          "25": 0.005839970737375942,
          "34": 0.0033963438158928147,
          "35": 0.0034458641522277346,
          "30": 0.009044760197536666,
          "41": 0.004258532491330254,
          "14": 0.008703584129912095,
          "31": 0.005967929426210734
        },
        "cluster_relevance": {
          "56": "不相关",
          "11": "不相关",
          "20": "相关",
          "9": "不相关",
          "29": "不相关",
          "36": "不相关",
          "33": "不相关",
          "51": "不相关",
          "59": "不相关",
          "19": "不相关",
          "7": "不相关",
          "53": "不相关",
          "55": "不相关",
          "10": "不相关",
          "2": "不相关",
          "15": "不相关",
          "44": "不相关",
          "60": "不相关",
          "8": "不相关",
          "24": "不相关",
          "52": "不相关",
          "28": "不相关",
          "17": "不相关",
          "39": "不相关",
          "6": "不相关",
          "21": "不相关",
          "62": "不相关",
          "57": "不相关",
          "4": "不相关",
          "61": "相关",
          "64": "不相关",
          "48": "不相关",
          "50": "不相关",
          "0": "不相关",
          "37": "不相关",
          "54": "不相关",
          "27": "相关",
          "47": "不相关",
          "38": "不相关",
          "58": "相关",
          "22": "相关",
          "49": "不相关",
          "3": "不相关",
          "26": "不相关",
          "42": "不相关",
          "63": "相关",
          "40": "不相关",
          "1": "不相关",
          "32": "不相关",
          "5": "不相关",
          "13": "不相关",
          "45": "不相关",
          "65": "不相关",
          "23": "不相关",
          "16": "不相关",
          "43": "不相关",
          "12": "不相关",
          "46": "相关",
          "18": "不相关",
          "25": "不相关",
          "34": "不相关",
          "35": "不相关",
          "30": "不相关",
          "41": "不相关",
          "14": "不相关",
          "31": "不相关"
        }
      }
    }
  }
}