{
  "SSR-only (Project 1)": {
    "js_divergence": {
      "mean": 0.04429271418528529,
      "std": 0.0,
      "min": 0.04429271418528529,
      "max": 0.04429271418528529
    },
    "kl_divergence": {
      "mean": 0.17089062327036877,
      "std": 0.0,
      "min": 0.17089062327036877,
      "max": 0.17089062327036877
    },
    "emd": {
      "mean": 0.5561502802061322,
      "std": 0.0,
      "min": 0.5561502802061322,
      "max": 0.5561502802061322
    },
    "mae_mean": {
      "mean": 0.4951568956476038,
      "std": 0.0,
      "min": 0.4951568956476038,
      "max": 0.4951568956476038
    }
  },
  "Direct LLM": {
    "js_divergence": {
      "mean": 0.1581071341708298,
      "std": 0.06897082445759727,
      "min": 0.08398424244394503,
      "max": 0.27593275924714256
    },
    "kl_divergence": {
      "mean": 3.3261229142130504,
      "std": 4.460585706023755,
      "min": 0.3646681947015733,
      "max": 12.545224050276998
    },
    "emd": {
      "mean": 0.8416533176861699,
      "std": 0.2783005729822531,
      "min": 0.5221177802944508,
      "max": 1.3797752808988764
    },
    "mae_mean": {
      "mean": 0.7149668044269927,
      "std": 0.41600927395963544,
      "min": 0.1614609286523212,
      "max": 1.3797752808988766
    }
  },
  "Persona Prompt": {
    "js_divergence": {
      "mean": 0.08568700935880984,
      "std": 0.04745382925624288,
      "min": 0.019892888425438026,
      "max": 0.15193881053300412
    },
    "kl_divergence": {
      "mean": 0.685309855543168,
      "std": 0.6271079660091594,
      "min": 0.09125636048316876,
      "max": 1.9808319287818654
    },
    "emd": {
      "mean": 0.5213389575236427,
      "std": 0.162565509515832,
      "min": 0.2764840636797187,
      "max": 0.7386876581867858
    },
    "mae_mean": {
      "mean": 0.4902988340819649,
      "std": 0.1850057269207062,
      "min": 0.2764840636797188,
      "max": 0.7386876581867865
    }
  },
  "PS-SSR (ps_ssr_results)": {
    "js_divergence": {
      "mean": 0.16625502650500787,
      "std": 0.056313708527764565,
      "min": 0.12698568258449497,
      "max": 0.28811417242101056
    },
    "kl_divergence": {
      "mean": 5.100526187615966,
      "std": 2.0263015219653835,
      "min": 1.0109601182111163,
      "max": 7.019166091680306
    },
    "emd": {
      "mean": 0.7737397321415987,
      "std": 0.3810060187480087,
      "min": 0.37086439482534905,
      "max": 1.509415871858013
    },
    "mae_mean": {
      "mean": 0.6603311134985023,
      "std": 0.48335160558725787,
      "min": 0.13731243126408232,
      "max": 1.5094158718580126
    }
  }
}