{
  "config": {
    "device": "cuda:0",
    "top_k": 10,
    "n_posts": 50,
    "seed": 42,
    "output": "/data/chenhongrui/business/results/flat_ssr_6q.json"
  },
  "top_clusters": [
    "46",
    "63",
    "58",
    "27",
    "22",
    "20",
    "61",
    "53",
    "56",
    "48"
  ],
  "per_question": {
    "8.0/qsingle_3": {
      "question": "请问您认为哪个季节容易发生肠胃感冒?",
      "options": [
        "全年",
        "夏",
        "冬",
        "秋",
        "春"
      ],
      "true": [
        232.0,
        263.0,
        123.0,
        119.0,
        153.0
      ],
      "pred_flat": [
        0.17736767288497035,
        0.21621501815648292,
        0.14010660192843324,
        0.22309036351394076,
        0.24322034351617292
      ],
      "n_posts_total": 500,
      "flat": {
        "js": 0.015807744287121686,
        "k_xy": 0.837402915721196,
        "c_xy": 0.9392000092088022
      }
    },
    "8.0/qsingle_4": {
      "question": "请问您发生肠胃感冒的场景往往是? ",
      "options": [
        "冷热刺激(高温乘凉不当、猛吹空调等)",
        "天气变化大",
        "饮食不良(喜吃辛辣、冰饮等)",
        "病毒感染",
        "其他"
      ],
      "true": [
        303.0,
        157.0,
        275.0,
        138.0,
        17.0
      ],
      "pred_flat": [
        0.22230880461241553,
        0.2649845191596729,
        0.14915398022697673,
        0.23856231972522512,
        0.12499037627570969
      ],
      "n_posts_total": 500,
      "flat": {
        "js": 0.051174069634830184,
        "k_xy": 0.8106046073062069,
        "c_xy": 0.8690234962311029
      }
    },
    "9.0/qsingle_3": {
      "question": "请问您觉得产生湿气的原因是? ",
      "options": [
        "体质问题",
        "久坐不运动",
        "爱吃冷饮、火锅",
        "环境潮湿",
        "其他"
      ],
      "true": [
        183.0,
        248.0,
        269.0,
        170.0,
        14.0
      ],
      "pred_flat": [
        0.25182557126330357,
        0.20242657273506837,
        0.25324820354215793,
        0.19332837800594768,
        0.09917127445352214
      ],
      "n_posts_total": 500,
      "flat": {
        "js": 0.022252073349978675,
        "k_xy": 0.9156451438498705,
        "c_xy": 0.9650047095303964
      }
    },
    "9.0/qsingle_4": {
      "question": "您觉得湿气重更容易发生在哪个季节?",
      "options": [
        "夏",
        "秋",
        "春",
        "全年",
        "冬"
      ],
      "true": [
        254.0,
        100.0,
        152.0,
        258.0,
        120.0
      ],
      "pred_flat": [
        0.24433022895227066,
        0.2159443057748633,
        0.1785185653585572,
        0.17917007837629875,
        0.18203682153800982
      ],
      "n_posts_total": 500,
      "flat": {
        "js": 0.017566484827114225,
        "k_xy": 0.933605090023437,
        "c_xy": 0.9383722704940018
      }
    },
    "9.0/qsingle_5": {
      "question": "您一般用什么方法来缓解湿气重的症状?",
      "options": [
        "不在意",
        "饮食调理",
        "刮痧、蒸桑拿、运动等",
        "对症中药"
      ],
      "true": [
        176.0,
        327.0,
        303.0,
        77.0
      ],
      "pred_flat": [
        0.1354496849089478,
        0.2899662795634041,
        0.22699375119831844,
        0.34759028432932937
      ],
      "n_posts_total": 500,
      "flat": {
        "js": 0.05320713838911134,
        "k_xy": 0.7396124336122245,
        "c_xy": 0.8418004919187002
      }
    },
    "11.0/qsingle_3": {
      "question": "请问您需要预防中暑的场景往往是? ",
      "options": [
        "出⻔旅游，随身带防暑产品",
        "空调吹多了，有头痛、昏重症状",
        "天热⻋里常备，以防⻓时间开⻋引发不适",
        "天气炎热，出⻔前防暑",
        "温差大，从空调室内一下子到户外，感觉要中暑/轻微中暑"
      ],
      "true": [
        143.0,
        110.0,
        120.0,
        177.0,
        231.0
      ],
      "pred_flat": [
        0.1949152918807716,
        0.19885573058822895,
        0.22694358802060857,
        0.22401857562910524,
        0.1552668138812853
      ],
      "n_posts_total": 500,
      "flat": {
        "js": 0.01726278723765623,
        "k_xy": 0.8568782192779678,
        "c_xy": 0.9321170883083956
      }
    }
  },
  "summary": {
    "FlatSSR_no_cluster": {
      "js": 0.029545049620968725,
      "k_xy": 0.8489580682984839,
      "c_xy": 0.9142530109485666
    }
  }
}