{
  "SSR n=30": [
    0.014612717876082919,
    0.04742811824887788,
    0.019691316178629133,
    0.017570264962469953,
    0.048704502187101296,
    0.018255117674789413
  ],
  "SSR n=50": [
    0.01438417191256645,
    0.04659819332661204,
    0.019292162781601754,
    0.0174649233899177,
    0.049084464118888727,
    0.018124263008860653
  ],
  "SSR n=80": [
    0.014426802435002349,
    0.047135835200161784,
    0.019428848069807686,
    0.017474246953169528,
    0.04924206950575152,
    0.017938825331588866
  ],
  "SSR top-5": [
    0.014334125943383574,
    0.04637749739500528,
    0.02078615388895186,
    0.018750939710591878,
    0.044310234195314935,
    0.01862695937801299
  ],
  "SSR top-10": [
    0.013654673985434355,
    0.046958570665447376,
    0.020301893146517973,
    0.01741461469925685,
    0.046523861081735826,
    0.018164911827077284
  ],
  "SSR top-15": [
    0.014612717876082919,
    0.04742811824887788,
    0.019691316178629133,
    0.017570264962469953,
    0.048704502187101296,
    0.018255117674789413
  ],
  "SSR top-20": [
    0.015047681622758567,
    0.04741915244422419,
    0.019682724454846395,
    0.017719902009262673,
    0.049542380474621985,
    0.0183849683780789
  ],
  "MultiLayer n=5": [
    0.02229696691236327,
    0.10825663129349862,
    0.036565454068940656,
    0.023367314533742536,
    0.036765447186944994,
    0.010225098718301968
  ],
  "MultiLayer n=10": [
    0.02297652956723044,
    0.10022037925248607,
    0.03485512518888429,
    0.0255877648263403,
    0.03872987471263316,
    0.00826868441752189
  ],
  "ML L[20, 24]": [
    0.03831508016555157,
    0.11018202797996539,
    0.01351772024171726,
    0.0282981072006386,
    0.034929457012609993,
    0.017427912878861265
  ],
  "ML L[16, 24]": [
    0.034726075845852196,
    0.10798177098299586,
    0.013660151738962595,
    0.023676987965614103,
    0.031651826327753964,
    0.015017740349595906
  ],
  "ML L[12, 16, 20, 24]": [
    0.01821473441690622,
    0.1274104099149596,
    0.11752774156773596,
    0.02899510610506323,
    0.08073384827014311,
    0.01291156648331649
  ],
  "ML L[16, 20, 24, 28]": [
    0.020596028871754168,
    0.1001941616433618,
    0.06192418488434417,
    0.023036275772826333,
    0.04442425844501117,
    0.010498152471292842
  ],
  "LLM-dist top-5": [
    0.0038274222123200613,
    0.0534540431932311,
    0.04454952077356106,
    0.022239236743042855,
    0.03999608653108958,
    0.010053012636194309
  ],
  "LLM-dist top-10": [
    0.0027332520594487313,
    0.04930989857663276,
    0.04660940255733123,
    0.01947083844530812,
    0.030976254888151384,
    0.006246573672825005
  ],
  "SelEns w=0.6 t=0.001": [
    0.01423086753644418,
    0.06495993671063656,
    0.027579744685814228,
    0.020329722548518975,
    0.04175350132604292,
    0.014410759968730643
  ],
  "SelEns w=0.6 t=0.005": [
    0.014030152962955351,
    0.06495993671063656,
    0.027579744685814228,
    0.019172945380261954,
    0.04175350132604292,
    0.015436792484250672
  ],
  "SelEns w=0.6 t=0.01": [
    0.013745452408484475,
    0.06495993671063656,
    0.027333226171531267,
    0.01814974030317249,
    0.04153777836679079,
    0.01668478682661588
  ],
  "SelEns w=0.7 t=0.001": [
    0.013693299967625807,
    0.059660462558415644,
    0.025479333397363434,
    0.01945875043949734,
    0.04269788912891856,
    0.015264467973239331
  ],
  "SelEns w=0.7 t=0.005": [
    0.013612469607221685,
    0.059660462558415644,
    0.025479333397363434,
    0.018661871108365116,
    0.04269788912891856,
    0.016046747787267123
  ],
  "SelEns w=0.7 t=0.01": [
    0.013471792849113935,
    0.059660462558415644,
    0.02529564512649082,
    0.017931472542906893,
    0.042581817863873536,
    0.01701272963346013
  ],
  "SelEns w=0.8 t=0.001": [
    0.013368920488863515,
    0.05475045528899018,
    0.02348513514217207,
    0.01866187435974859,
    0.043856063788776774,
    0.016154602525037975
  ],
  "SelEns w=0.8 t=0.005": [
    0.013362960437372343,
    0.05475045528899018,
    0.02348513514217207,
    0.01817935924671138,
    0.043856063788776774,
    0.016684738287972786
  ],
  "SelEns w=0.8 t=0.01": [
    0.013318786507954152,
    0.05475045528899018,
    0.02336361165844441,
    0.017717274701142555,
    0.04381011363905166,
    0.01734890717893835
  ],
  "SelEns w=0.9 t=0.001": [
    0.013266369883851223,
    0.050208512685297704,
    0.021598954208666064,
    0.017941688690374276,
    0.045233712100024505,
    0.017081561705430473
  ],
  "SelEns w=0.9 t=0.005": [
    0.013288257704653358,
    0.050208512685297704,
    0.021598954208666064,
    0.017725669046734987,
    0.045233712100024505,
    0.01735099987447281
  ],
  "SelEns w=0.9 t=0.01": [
    0.013291628384333355,
    0.050208512685297704,
    0.021538741419606648,
    0.01750714772180005,
    0.04522701109214482,
    0.017693273218640743
  ],
  "Ensemble w=0.6": [
    0.014255827415207225,
    0.06495993671063656,
    0.027579744685814228,
    0.020329722548518975,
    0.04175350132604292,
    0.014410759968730643
  ],
  "Ensemble w=0.7": [
    0.013709554030951775,
    0.059660462558415644,
    0.025479333397363434,
    0.01945875043949734,
    0.04269788912891856,
    0.015264467973239331
  ],
  "Ensemble w=0.8": [
    0.013378065937076477,
    0.05475045528899018,
    0.02348513514217207,
    0.01866187435974859,
    0.043856063788776774,
    0.016154602525037975
  ],
  "Ensemble w=0.85": [
    0.01329551033542842,
    0.052434586736819916,
    0.022528403126552052,
    0.018292021561133735,
    0.04451704918567203,
    0.01661345260242411
  ],
  "Ensemble w=0.9": [
    0.013270066535102827,
    0.050208512685297704,
    0.021598954208666064,
    0.017941688690374276,
    0.045233712100024505,
    0.017081561705430473
  ],
  "Ensemble w=0.95": [
    0.013303144296594733,
    0.04807044959295973,
    0.02069712816539588,
    0.017611247990665324,
    0.04600696588020157,
    0.017558985891055222
  ],
  "SSR+LLMdist w=0.5": [
    0.009780863086724417,
    0.048311684995531796,
    0.0330435975043312,
    0.015509129440190455,
    0.033866636406452266,
    0.013861112795170032
  ],
  "SSR+LLMdist w=0.6": [
    0.010274839668941903,
    0.04758999175390092,
    0.030259820369541675,
    0.015667743956592928,
    0.03618768751843806,
    0.014582266789352493
  ],
  "SSR+LLMdist w=0.7": [
    0.010881641088212459,
    0.046997461022206866,
    0.027540435262075672,
    0.015923197873905698,
    0.038641952826721976,
    0.015360866198572262
  ],
  "SSR+LLMdist w=0.8": [
    0.011602810090410517,
    0.04653625013343111,
    0.02489020642393215,
    0.01627839607454216,
    0.04123256821754271,
    0.016197323950632475
  ]
}