{
  "config": {
    "device": "cuda:0",
    "n_samples": 10,
    "temperature": 0.7,
    "top_p": 0.9,
    "seed": 2026,
    "output": "/data/chenhongrui/business/results/llm_direct_baseline_6q.json"
  },
  "prompt_template": "你是一位消费者调研分析专家。\n\n请估计中国消费者在以下问卷问题中各选项的选择比例。\n（仅基于你对该群体的常识和先验认知，不要请求更多上下文。）\n\n问题：{question}\n选项：\n{options_numbered}\n\n请严格按JSON格式输出各选项的比例（总和为1）：\n{{\"distribution\": [选项1比例, 选项2比例, ...]}}",
  "per_question": {
    "8.0/qsingle_3": {
      "question": "请问您认为哪个季节容易发生肠胃感冒?",
      "options": [
        "全年",
        "夏",
        "冬",
        "秋",
        "春"
      ],
      "true": [
        232.0,
        263.0,
        123.0,
        119.0,
        153.0
      ],
      "pred_llm_direct": [
        0.175,
        0.22076923076923075,
        0.16307692307692306,
        0.21961538461538463,
        0.22153846153846155
      ],
      "metrics": {
        "js": 0.014311540093288052,
        "k_xy": 0.8395894554487549,
        "c_xy": 0.9458801634261979
      },
      "parse_strats": {
        "s1_json": 2,
        "s2_bracket": 0,
        "s3_lastn": 2,
        "fail": 6
      },
      "n_samples": 10
    },
    "8.0/qsingle_4": {
      "question": "请问您发生肠胃感冒的场景往往是? ",
      "options": [
        "冷热刺激(高温乘凉不当、猛吹空调等)",
        "天气变化大",
        "饮食不良(喜吃辛辣、冰饮等)",
        "病毒感染",
        "其他"
      ],
      "true": [
        303.0,
        157.0,
        275.0,
        138.0,
        17.0
      ],
      "pred_llm_direct": [
        0.22147783251231531,
        0.18485221674876848,
        0.25470443349753696,
        0.1995566502463054,
        0.13940886699507388
      ],
      "metrics": {
        "js": 0.03487841918160427,
        "k_xy": 0.8351917860633038,
        "c_xy": 0.9365088763538629
      },
      "parse_strats": {
        "s1_json": 6,
        "s2_bracket": 0,
        "s3_lastn": 1,
        "fail": 3
      },
      "n_samples": 10
    },
    "9.0/qsingle_3": {
      "question": "请问您觉得产生湿气的原因是? ",
      "options": [
        "体质问题",
        "久坐不运动",
        "爱吃冷饮、火锅",
        "环境潮湿",
        "其他"
      ],
      "true": [
        183.0,
        248.0,
        269.0,
        170.0,
        14.0
      ],
      "pred_llm_direct": [
        0.22944444444444448,
        0.20055555555555554,
        0.21666666666666665,
        0.1877777777777778,
        0.16555555555555557
      ],
      "metrics": {
        "js": 0.04334040849734991,
        "k_xy": 0.8502815484333982,
        "c_xy": 0.9238217384083058
      },
      "parse_strats": {
        "s1_json": 5,
        "s2_bracket": 0,
        "s3_lastn": 1,
        "fail": 4
      },
      "n_samples": 10
    },
    "9.0/qsingle_4": {
      "question": "您觉得湿气重更容易发生在哪个季节?",
      "options": [
        "夏",
        "秋",
        "春",
        "全年",
        "冬"
      ],
      "true": [
        254.0,
        100.0,
        152.0,
        258.0,
        120.0
      ],
      "pred_llm_direct": [
        0.30500000000000005,
        0.21166666666666667,
        0.1783333333333333,
        0.16466666666666668,
        0.1403333333333333
      ],
      "metrics": {
        "js": 0.01675107606393699,
        "k_xy": 0.8773981901147488,
        "c_xy": 0.941327232643892
      },
      "parse_strats": {
        "s1_json": 6,
        "s2_bracket": 0,
        "s3_lastn": 1,
        "fail": 3
      },
      "n_samples": 10
    },
    "9.0/qsingle_5": {
      "question": "您一般用什么方法来缓解湿气重的症状?",
      "options": [
        "不在意",
        "饮食调理",
        "刮痧、蒸桑拿、运动等",
        "对症中药"
      ],
      "true": [
        176.0,
        327.0,
        303.0,
        77.0
      ],
      "pred_llm_direct": [
        0.1683645765998707,
        0.2661982870071105,
        0.32150210084033615,
        0.2439350355526826
      ],
      "metrics": {
        "js": 0.02441560793742425,
        "k_xy": 0.8432676823785057,
        "c_xy": 0.9370999398204726
      },
      "parse_strats": {
        "s1_json": 4,
        "s2_bracket": 0,
        "s3_lastn": 4,
        "fail": 2
      },
      "n_samples": 10
    },
    "11.0/qsingle_3": {
      "question": "请问您需要预防中暑的场景往往是? ",
      "options": [
        "出⻔旅游，随身带防暑产品",
        "空调吹多了，有头痛、昏重症状",
        "天热⻋里常备，以防⻓时间开⻋引发不适",
        "天气炎热，出⻔前防暑",
        "温差大，从空调室内一下子到户外，感觉要中暑/轻微中暑"
      ],
      "true": [
        143.0,
        110.0,
        120.0,
        177.0,
        231.0
      ],
      "pred_llm_direct": [
        0.16006435593392115,
        0.23546835410965844,
        0.12488104287017328,
        0.2759112445525489,
        0.2036750025336982
      ],
      "metrics": {
        "js": 0.012623750702883636,
        "k_xy": 0.9079003547260067,
        "c_xy": 0.9506615133682881
      },
      "parse_strats": {
        "s1_json": 3,
        "s2_bracket": 0,
        "s3_lastn": 6,
        "fail": 1
      },
      "n_samples": 10
    }
  },
  "summary": {
    "LLM_direct_baseline": {
      "js": 0.02438680041274785,
      "k_xy": 0.858938169527453,
      "c_xy": 0.9392165773368365
    },
    "parse_total": {
      "s1_json": 26,
      "s2_bracket": 0,
      "s3_lastn": 15,
      "fail": 19
    }
  }
}