{
  "config": {
    "device": "cuda:0",
    "top_k": 10,
    "n_posts": 50,
    "n_samples": 3,
    "ensemble_w": 0.5,
    "output": "/data/chenhongrui/business/results/m0_m2_pmfs_6q.json"
  },
  "top_clusters": [
    "46",
    "63",
    "58",
    "27",
    "22",
    "20",
    "61",
    "53",
    "56",
    "48"
  ],
  "per_question": {
    "8.0/qsingle_3": {
      "question": "请问您认为哪个季节容易发生肠胃感冒?",
      "options": [
        "全年",
        "夏",
        "冬",
        "秋",
        "春"
      ],
      "true": [
        232.0,
        263.0,
        123.0,
        119.0,
        153.0
      ],
      "pred_m0": [
        0.17680091289270314,
        0.23150800617204487,
        0.14144786457197275,
        0.21888145300548678,
        0.23136176335779243
      ],
      "pred_m1": [
        0.19292317847545937,
        0.23510178427415718,
        0.19085269700424698,
        0.19053821868134396,
        0.1905841215647926
      ],
      "pred_m2": [
        0.18486204568408124,
        0.233304895223101,
        0.16615028078810987,
        0.2047098358434154,
        0.21097294246129256
      ],
      "m0": {
        "js": 0.01339630466296575,
        "k_xy": 0.8521291437430182,
        "c_xy": 0.9493971964510136
      },
      "m1": {
        "js": 0.009121018325791087,
        "k_xy": 0.8718451874259151,
        "c_xy": 0.966646101471795
      },
      "m2": {
        "js": 0.010466629900750464,
        "k_xy": 0.8619871655844666,
        "c_xy": 0.9610112905809518
      }
    },
    "8.0/qsingle_4": {
      "question": "请问您发生肠胃感冒的场景往往是? ",
      "options": [
        "冷热刺激(高温乘凉不当、猛吹空调等)",
        "天气变化大",
        "饮食不良(喜吃辛辣、冰饮等)",
        "病毒感染",
        "其他"
      ],
      "true": [
        303.0,
        157.0,
        275.0,
        138.0,
        17.0
      ],
      "pred_m0": [
        0.24820904490148574,
        0.26429687343602465,
        0.14720497847594124,
        0.2198458697453363,
        0.12044323344121204
      ],
      "pred_m1": [
        0.21801539744932863,
        0.2053224556300874,
        0.20262248070409866,
        0.1979119354468371,
        0.1761277307696482
      ],
      "pred_m2": [
        0.23311222117540728,
        0.23480966453305602,
        0.17491372959001994,
        0.20887890259608666,
        0.14828548210543013
      ],
      "m0": {
        "js": 0.046018964395727814,
        "k_xy": 0.8338682001182672,
        "c_xy": 0.8871649427904595
      },
      "m1": {
        "js": 0.050580785255569895,
        "k_xy": 0.8001176370917052,
        "c_xy": 0.8942940252214008
      },
      "m2": {
        "js": 0.046837468870874914,
        "k_xy": 0.8169929186049862,
        "c_xy": 0.8964764207640794
      }
    },
    "9.0/qsingle_3": {
      "question": "请问您觉得产生湿气的原因是? ",
      "options": [
        "体质问题",
        "久坐不运动",
        "爱吃冷饮、火锅",
        "环境潮湿",
        "其他"
      ],
      "true": [
        183.0,
        248.0,
        269.0,
        170.0,
        14.0
      ],
      "pred_m0": [
        0.25176980517706493,
        0.2094741773890691,
        0.2460590554999502,
        0.20195648838255276,
        0.09074047355136297
      ],
      "pred_m1": [
        0.2145473270269343,
        0.19726348713498187,
        0.19083820658293194,
        0.24705825713454685,
        0.15029272212060513
      ],
      "pred_m2": [
        0.23315856610199961,
        0.20336883226202554,
        0.21844863104144108,
        0.22450737275854982,
        0.12051659783598406
      ],
      "m0": {
        "js": 0.019823320165945502,
        "k_xy": 0.9154478343754446,
        "c_xy": 0.968149626347587
      },
      "m1": {
        "js": 0.04338495398749656,
        "k_xy": 0.8107938170646737,
        "c_xy": 0.9150323369040724
      },
      "m2": {
        "js": 0.030410823576471513,
        "k_xy": 0.863120825720059,
        "c_xy": 0.947596914428118
      }
    },
    "9.0/qsingle_4": {
      "question": "您觉得湿气重更容易发生在哪个季节?",
      "options": [
        "夏",
        "秋",
        "春",
        "全年",
        "冬"
      ],
      "true": [
        254.0,
        100.0,
        152.0,
        258.0,
        120.0
      ],
      "pred_m0": [
        0.25129673697307503,
        0.21653654807763556,
        0.17502575551529226,
        0.17811807368887922,
        0.17902288574511788
      ],
      "pred_m1": [
        0.354289284080157,
        0.1826789722907762,
        0.16252099937636894,
        0.15146441460116655,
        0.1490463296515314
      ],
      "pred_m2": [
        0.30279301052661595,
        0.1996077601842058,
        0.16877337744583062,
        0.16479124414502289,
        0.16403460769832462
      ],
      "m0": {
        "js": 0.017301093083313387,
        "k_xy": 0.9295391495435319,
        "c_xy": 0.939530379880125
      },
      "m1": {
        "js": 0.017407848944985736,
        "k_xy": 0.8634842323705465,
        "c_xy": 0.9361790612901361
      },
      "m2": {
        "js": 0.015791844210374262,
        "k_xy": 0.898051718027201,
        "c_xy": 0.9447553611925278
      }
    },
    "9.0/qsingle_5": {
      "question": "您一般用什么方法来缓解湿气重的症状?",
      "options": [
        "不在意",
        "饮食调理",
        "刮痧、蒸桑拿、运动等",
        "对症中药"
      ],
      "true": [
        176.0,
        327.0,
        303.0,
        77.0
      ],
      "pred_m0": [
        0.14123386271135793,
        0.30866150960988764,
        0.22434289058179463,
        0.32576173709695966
      ],
      "pred_m1": [
        0.2410049363163254,
        0.2474801669295671,
        0.2568637586863218,
        0.2546511380677857
      ],
      "pred_m2": [
        0.19111939951384166,
        0.2780708382697274,
        0.2406033246340582,
        0.2902064375823727
      ],
      "m0": {
        "js": 0.04683781222226918,
        "k_xy": 0.7614409808424114,
        "c_xy": 0.864961943906083
      },
      "m1": {
        "js": 0.03166433531195038,
        "k_xy": 0.8325515798644743,
        "c_xy": 0.9093445042164322
      },
      "m2": {
        "js": 0.03665871348864949,
        "k_xy": 0.7969962803534428,
        "c_xy": 0.8950431612348417
      }
    },
    "11.0/qsingle_3": {
      "question": "请问您需要预防中暑的场景往往是? ",
      "options": [
        "出⻔旅游，随身带防暑产品",
        "空调吹多了，有头痛、昏重症状",
        "天热⻋里常备，以防⻓时间开⻋引发不适",
        "天气炎热，出⻔前防暑",
        "温差大，从空调室内一下子到户外，感觉要中暑/轻微中暑"
      ],
      "true": [
        143.0,
        110.0,
        120.0,
        177.0,
        231.0
      ],
      "pred_m0": [
        0.1896149524603051,
        0.20158508341209472,
        0.22851491677021638,
        0.2276141763499215,
        0.1526708710074622
      ],
      "pred_m1": [
        0.213994015074208,
        0.19710615538456075,
        0.1804292338931004,
        0.21157793080251316,
        0.19689266484561763
      ],
      "pred_m2": [
        0.20180448376725663,
        0.19934561939832776,
        0.20447207533165843,
        0.21959605357621736,
        0.17478176792653996
      ],
      "m0": {
        "js": 0.018045783827240786,
        "k_xy": 0.8568962232048712,
        "c_xy": 0.9293378690029912
      },
      "m1": {
        "js": 0.008616063245148523,
        "k_xy": 0.8860634254127896,
        "c_xy": 0.9650035629776402
      },
      "m2": {
        "js": 0.012457577036950685,
        "k_xy": 0.8719706512688253,
        "c_xy": 0.9501144761871948
      }
    }
  },
  "summary": {
    "M0_hier_SSR": {
      "js": 0.026903879726243737,
      "k_xy": 0.8582202553045909,
      "c_xy": 0.9230903263963764
    },
    "M1_LLM_vanilla": {
      "js": 0.026795834178490362,
      "k_xy": 0.8441426465383507,
      "c_xy": 0.9310832653469127
    },
    "M2_ensemble_w0.5": {
      "js": 0.025437176180678558,
      "k_xy": 0.8515199265931636,
      "c_xy": 0.9324996040646188
    }
  }
}