{
  "ssr_js": [
    0.01339630466296575,
    0.046018964395727814,
    0.019823320165945502,
    0.017301093083313387,
    0.04683781222226918,
    0.018045783827240786
  ],
  "config": {
    "device": "cuda:2",
    "top_k": 10,
    "n_posts": 50,
    "output": "/data/chenhongrui/business/results/stability_6q.json",
    "n_m4_repeats": 3
  },
  "top_clusters": [
    "46",
    "63",
    "58",
    "27",
    "22",
    "20",
    "61",
    "53",
    "56",
    "48"
  ],
  "m4_trials": [
    [
      0.016781190579531122,
      0.07038439415304786,
      0.029167250465805768,
      0.019754180906829816,
      0.03960704132592309,
      0.012112656434045157
    ],
    [
      0.015099416459780813,
      0.07029580317594666,
      0.027089134909320762,
      0.021605500660779663,
      0.03845305847911317,
      0.013098982527212023
    ],
    [
      0.01638602610570477,
      0.07047869185820822,
      0.026391184314516532,
      0.01971713203584188,
      0.03947719882526707,
      0.013908958934900883
    ]
  ],
  "m3_trials": [
    [
      0.026896224979410237,
      0.10484478715528006,
      0.040965893363538536,
      0.023225780511956663,
      0.039050372560330116,
      0.007623731275556426
    ],
    [
      0.022371091240704324,
      0.10558949123647565,
      0.0361404391117621,
      0.027602410372754002,
      0.03391154181128813,
      0.0093068227443333
    ],
    [
      0.025684534921997015,
      0.1048257727787811,
      0.03485704838228074,
      0.02343309314211008,
      0.03686618170662644,
      0.010742984647430991
    ]
  ],
  "llm_sweep_m1": {
    "5": [
      0.004857406195202678,
      0.04794995433984319,
      0.050330098296134315,
      0.015847729299710938,
      0.03893194908983578,
      0.009598607293763278
    ],
    "10": [
      0.0044107463017476894,
      0.045340724021263115,
      0.050298090394484705,
      0.014584717972004568,
      0.03009593121842156,
      0.01065893506405436
    ]
  },
  "llm_sweep_m2": {
    "5": [
      0.0074927043138509645,
      0.045463606419848444,
      0.0339881856911956,
      0.015448032027273989,
      0.04074842721170238,
      0.013136217671530065
    ],
    "10": [
      0.007566980551260703,
      0.044182229085184384,
      0.03400608610131756,
      0.015819842206911402,
      0.03615214665584691,
      0.0138133433759901
    ]
  },
  "llm_weight_sweep": {
    "n=5_w=0.3": [
      0.006036683528127799,
      0.04610496753079234,
      0.04028058667494583,
      0.015352188836309549,
      0.039547439711267895,
      0.011560851368429265
    ],
    "n=5_w=0.4": [
      0.006698989999661708,
      0.04572464609842754,
      0.03709288176694417,
      0.015356303984701074,
      0.04006610341247585,
      0.012321465566115724
    ],
    "n=5_w=0.5": [
      0.0074927043138509645,
      0.045463606419848444,
      0.0339881856911956,
      0.015448032027273989,
      0.04074842721170238,
      0.013136217671530065
    ],
    "n=5_w=0.6": [
      0.00841645498980332,
      0.04532351431413634,
      0.030968672557898036,
      0.01562944042460413,
      0.041599753713383945,
      0.014005720791847026
    ],
    "n=5_w=0.7": [
      0.009469215674248715,
      0.045306392561975425,
      0.028037413929811354,
      0.015902810011787,
      0.04262636390726029,
      0.014930651398121735
    ],
    "n=10_w=0.3": [
      0.0059744109100530445,
      0.044290952814273955,
      0.04028602701674447,
      0.015296543215379991,
      0.033222568200734943,
      0.012424324783282984
    ],
    "n=10_w=0.4": [
      0.0067167980141659995,
      0.04417741157740051,
      0.03710580148623207,
      0.01555329309700259,
      0.034599280756962385,
      0.013097463240334102
    ],
    "n=10_w=0.5": [
      0.007566980551260703,
      0.044182229085184384,
      0.03400608610131756,
      0.015819842206911402,
      0.03615214665584691,
      0.0138133433759901
    ],
    "n=10_w=0.6": [
      0.008523643628247266,
      0.04430607720758009,
      0.030988985872624886,
      0.01609623134554849,
      0.03788791098549543,
      0.01457226539462649
    ],
    "n=10_w=0.7": [
      0.009585692430800808,
      0.04455001349097682,
      0.02805743666560623,
      0.016382503830002743,
      0.039814434340277295,
      0.015374569087396438
    ]
  }
}