{
  "config": {
    "device": "cuda:2",
    "top_k": 10,
    "n_posts": 50,
    "n_samples": 3,
    "alphas": [
      0.0,
      0.05,
      0.1,
      0.2,
      0.3
    ],
    "output": "/data/chenhongrui/business/results/steered_m1_6q.json"
  },
  "top_clusters": [
    "46",
    "63",
    "58",
    "27",
    "22",
    "20",
    "61",
    "53",
    "56",
    "48"
  ],
  "m0_ssr_js": [
    0.01339630466296575,
    0.046018964395727814,
    0.019823320165945502,
    0.017301093083313387,
    0.04683781222226918,
    0.018045783827240786
  ],
  "alpha_results": {
    "vanilla": {
      "m1_js": [
        0.006800134133591218,
        0.050580785255569895,
        0.04317137112844093,
        0.01759705633018106,
        0.03153110433213784,
        0.008616063245148523
      ],
      "m1_mean": 0.026382752404178245
    },
    "alpha=0.05": {
      "m1_js": [
        0.005656745735658545,
        0.05219721718663431,
        0.052602138678936476,
        0.01570925056741284,
        0.03367588069270456,
        0.009338599457278747
      ],
      "m1_mean": 0.02819663871977091
    },
    "alpha=0.1": {
      "m1_js": [
        0.011297078594555414,
        0.05674611067621965,
        0.052063133465192125,
        0.017976155190271664,
        0.026576249183608076,
        0.010038331822500836
      ],
      "m1_mean": 0.029116176488724624
    },
    "alpha=0.2": {
      "m1_js": [
        0.01331868117871416,
        0.060418083474809564,
        0.055388871682246564,
        0.017976155190271664,
        0.03147067119412382,
        0.00935986239689512
      ],
      "m1_mean": 0.03132205418617681
    },
    "alpha=0.3": {
      "m1_js": [
        0.01331868117871416,
        0.060418083474809564,
        0.055388871682246564,
        0.017976155190271664,
        0.03147067119412382,
        0.00935986239689512
      ],
      "m1_mean": 0.03132205418617681
    }
  },
  "weight_sweep": {
    "vanilla": {
      "w=0.3": [
        0.007853639420897039,
        0.04799485552281085,
        0.03516271410692476,
        0.016156365132349814,
        0.033984911872305165,
        0.01071388832818475
      ],
      "w=0.4": [
        0.008378974337018775,
        0.04735878796493201,
        0.032683661647151176,
        0.015920067986735554,
        0.03517840028925206,
        0.011551101999460744
      ],
      "w=0.5": [
        0.00899192228055067,
        0.046837468870874914,
        0.03029949690980397,
        0.01581054245433689,
        0.03657010294449961,
        0.012457577036950685
      ],
      "w=0.6": [
        0.009693042413832708,
        0.04643244931651244,
        0.028010459657499487,
        0.015831236490852423,
        0.03816804496237213,
        0.01343367197275031
      ],
      "w=0.7": [
        0.010483058817109028,
        0.046145623229816045,
        0.025817132570607266,
        0.01598602500505385,
        0.039981670961129534,
        0.014479868582546525
      ]
    },
    "alpha=0.05": {
      "w=0.3": [
        0.006897744380290747,
        0.049355603781542134,
        0.041908655118899955,
        0.01613388450221258,
        0.035791349615022165,
        0.011339648313207301
      ],
      "w=0.4": [
        0.007518583920013151,
        0.04859159910503458,
        0.03849584654462102,
        0.016285518563550677,
        0.036819761996543056,
        0.012118813164926946
      ],
      "w=0.5": [
        0.008242003800826077,
        0.047920787123739685,
        0.035161921558613876,
        0.016442192371391464,
        0.03801851859264032,
        0.012955626741322585
      ],
      "w=0.6": [
        0.009067739935065494,
        0.04734445842546935,
        0.03190984438448581,
        0.016603903630489043,
        0.03939417590292911,
        0.013851168048432795
      ],
      "w=0.7": [
        0.009995749592896591,
        0.04686415121055936,
        0.028743619701130114,
        0.016770650498003692,
        0.04095435034150866,
        0.014806614247996834
      ]
    },
    "alpha=0.1": {
      "w=0.3": [
        0.011073116253657487,
        0.052197522047800676,
        0.041449053712826214,
        0.017184524745495776,
        0.03044710301971834,
        0.011959631482748048
      ],
      "w=0.4": [
        0.011153999431633773,
        0.050930019837745755,
        0.03807952419690845,
        0.01703599949901641,
        0.03212645242239042,
        0.012689085225225513
      ],
      "w=0.5": [
        0.011315170892204428,
        0.049787900648878315,
        0.034796729931935735,
        0.01694369837499084,
        0.034010383254405356,
        0.013464021227964817
      ],
      "w=0.6": [
        0.011558428970244155,
        0.04877241283429496,
        0.03160335693610773,
        0.016906858093395007,
        0.03610688050491977,
        0.014285095413651767
      ],
      "w=0.7": [
        0.011885787387727815,
        0.047885266616284054,
        0.028503170559395007,
        0.016924781708582057,
        0.03842547343495659,
        0.015153015865107582
      ]
    },
    "alpha=0.2": {
      "w=0.3": [
        0.012511127799316606,
        0.054559449311403684,
        0.043690702452191484,
        0.017184524745495776,
        0.033811505847548384,
        0.01135942742098551
      ],
      "w=0.4": [
        0.012392790436486029,
        0.05289538848414403,
        0.039973315926891684,
        0.01703599949901641,
        0.03498495102328229,
        0.01213712983184403
      ],
      "w=0.5": [
        0.012352528155465423,
        0.051376358326675364,
        0.03635013055292142,
        0.01694369837499084,
        0.036367786163187074,
        0.012972012841221472
      ],
      "w=0.6": [
        0.012392220434964931,
        0.050003516097123904,
        0.032824520981927334,
        0.016906858093395007,
        0.037969871656826575,
        0.013865164162702105
      ],
      "w=0.7": [
        0.012513965766284647,
        0.048778600381267634,
        0.02940121178129695,
        0.016924781708582057,
        0.039802850513510124,
        0.014817769190869934
      ]
    },
    "alpha=0.3": {
      "w=0.3": [
        0.012511127799316606,
        0.054559449311403684,
        0.043690702452191484,
        0.017184524745495776,
        0.033811505847548384,
        0.01135942742098551
      ],
      "w=0.4": [
        0.012392790436486029,
        0.05289538848414403,
        0.039973315926891684,
        0.01703599949901641,
        0.03498495102328229,
        0.01213712983184403
      ],
      "w=0.5": [
        0.012352528155465423,
        0.051376358326675364,
        0.03635013055292142,
        0.01694369837499084,
        0.036367786163187074,
        0.012972012841221472
      ],
      "w=0.6": [
        0.012392220434964931,
        0.050003516097123904,
        0.032824520981927334,
        0.016906858093395007,
        0.037969871656826575,
        0.013865164162702105
      ],
      "w=0.7": [
        0.012513965766284647,
        0.048778600381267634,
        0.02940121178129695,
        0.016924781708582057,
        0.039802850513510124,
        0.014817769190869934
      ]
    }
  }
}