{
  "seeds": [
    42,
    123
  ],
  "n_questions": 13,
  "per_q_mean_across_seeds": {
    "m0": {
      "10.0/qsingle_3": 0.01540372430000603,
      "10.0/qsingle_5": 0.08952272455527946,
      "11.0/qsingle_3": 0.01801420539948087,
      "11.0/qsingle_4": 0.019480488371041528,
      "7.0/qsingle_3": 0.008063948547708926,
      "7.0/qsingle_4": 0.05592336692678833,
      "7.0/qsingle_5": 0.016922800987137533,
      "8.0/qsingle_3": 0.00789843561589278,
      "8.0/qsingle_4": 0.04608971990818091,
      "8.0/qsingle_5": 0.028309236004411046,
      "9.0/qsingle_3": 0.03335681699697081,
      "9.0/qsingle_4": 0.01007043145698331,
      "9.0/qsingle_5": 0.0637371998821395
    },
    "m1": {
      "10.0/qsingle_3": 0.010869042412296975,
      "10.0/qsingle_5": 0.055086670678081984,
      "11.0/qsingle_3": 0.009668072094118806,
      "11.0/qsingle_4": 0.07595067907526551,
      "7.0/qsingle_3": 0.0009702392290045724,
      "7.0/qsingle_4": 0.05261075488942582,
      "7.0/qsingle_5": 0.025087224594396357,
      "8.0/qsingle_3": 0.0048995025599935585,
      "8.0/qsingle_4": 0.05374840999867564,
      "8.0/qsingle_5": 0.07887738452304052,
      "9.0/qsingle_3": 0.05323256109473856,
      "9.0/qsingle_4": 0.013185938514736132,
      "9.0/qsingle_5": 0.03743384293939645
    },
    "c2": {
      "10.0/qsingle_3": 0.030549202501557644,
      "10.0/qsingle_5": 0.03260677550064309,
      "11.0/qsingle_3": 0.02005553312132604,
      "11.0/qsingle_4": 0.0668116868788282,
      "7.0/qsingle_3": 0.012873223512723415,
      "7.0/qsingle_4": 0.06715426569303615,
      "7.0/qsingle_5": 0.025565002128936913,
      "8.0/qsingle_3": 0.0016408742990123666,
      "8.0/qsingle_4": 0.04831628885610251,
      "8.0/qsingle_5": 0.03280225555178496,
      "9.0/qsingle_3": 0.041943666025732206,
      "9.0/qsingle_4": 0.013005144579814283,
      "9.0/qsingle_5": 0.023818535842882717
    }
  }
}