{
  "config": {
    "device": "cuda:0",
    "ks": [
      5,
      10,
      15,
      20
    ],
    "n_posts": 50,
    "n_samples": 3,
    "ensemble_w": 0.5,
    "seed": 42,
    "output": "/data/chenhongrui/business/results/topk_sweep_6q.json"
  },
  "by_k": {
    "5": {
      "K": 5,
      "clusters": [
        "46",
        "63",
        "58",
        "27",
        "22"
      ],
      "summary": {
        "M0": {
          "js": 0.027045024385447213,
          "k_xy": 0.8596247636509663,
          "c_xy": 0.9228990429372438
        },
        "M1": {
          "js": 0.030572645869515327,
          "k_xy": 0.8267812181825569,
          "c_xy": 0.9188588040555262
        },
        "M2": {
          "js": 0.0268801062435136,
          "k_xy": 0.8436972678646605,
          "c_xy": 0.9287480679730358
        }
      },
      "per_q": {
        "8.0/qsingle_3": {
          "true": [
            232.0,
            263.0,
            123.0,
            119.0,
            153.0
          ],
          "m0": {
            "js": 0.01437726574615868,
            "k_xy": 0.8435831383470532,
            "c_xy": 0.9453301819691305
          },
          "m1": {
            "js": 0.010594639992272182,
            "k_xy": 0.8640650666001036,
            "c_xy": 0.9604167852434686
          },
          "m2": {
            "js": 0.011461346696963887,
            "k_xy": 0.8538241024735784,
            "c_xy": 0.9567753209624863
          }
        },
        "8.0/qsingle_4": {
          "true": [
            303.0,
            157.0,
            275.0,
            138.0,
            17.0
          ],
          "m0": {
            "js": 0.04524111358096184,
            "k_xy": 0.8371351401877184,
            "c_xy": 0.8916151560513854
          },
          "m1": {
            "js": 0.04525765648469746,
            "k_xy": 0.8006419377585419,
            "c_xy": 0.9071779875582807
          },
          "m2": {
            "js": 0.04419759858811411,
            "k_xy": 0.8188885389731302,
            "c_xy": 0.9032312947535687
          }
        },
        "9.0/qsingle_3": {
          "true": [
            183.0,
            248.0,
            269.0,
            170.0,
            14.0
          ],
          "m0": {
            "js": 0.019937631483333943,
            "k_xy": 0.9164254220432165,
            "c_xy": 0.968725346536187
          },
          "m1": {
            "js": 0.05320597222818468,
            "k_xy": 0.811121864700112,
            "c_xy": 0.8982408171280739
          },
          "m2": {
            "js": 0.03545593713629121,
            "k_xy": 0.8637736433716642,
            "c_xy": 0.9423882793745616
          }
        },
        "9.0/qsingle_4": {
          "true": [
            254.0,
            100.0,
            152.0,
            258.0,
            120.0
          ],
          "m0": {
            "js": 0.01863117816143124,
            "k_xy": 0.9365815539820612,
            "c_xy": 0.9343045522679138
          },
          "m1": {
            "js": 0.024736094109407292,
            "k_xy": 0.803433216289744,
            "c_xy": 0.9052916256165421
          },
          "m2": {
            "js": 0.016513687246188197,
            "k_xy": 0.8729730468232959,
            "c_xy": 0.9408781443455201
          }
        },
        "9.0/qsingle_5": {
          "true": [
            176.0,
            327.0,
            303.0,
            77.0
          ],
          "m0": {
            "js": 0.045579787726136564,
            "k_xy": 0.7661344753882966,
            "c_xy": 0.8697997099737608
          },
          "m1": {
            "js": 0.04019602606811437,
            "k_xy": 0.7988036460170682,
            "c_xy": 0.880367210543171
          },
          "m2": {
            "js": 0.04058003828037426,
            "k_xy": 0.7824690607026824,
            "c_xy": 0.8813354719291099
          }
        },
        "11.0/qsingle_3": {
          "true": [
            143.0,
            110.0,
            120.0,
            177.0,
            231.0
          ],
          "m0": {
            "js": 0.018503169614661,
            "k_xy": 0.8578888519574519,
            "c_xy": 0.927619310825086
          },
          "m1": {
            "js": 0.009445486334415982,
            "k_xy": 0.8826215777297722,
            "c_xy": 0.9616583982436199
          },
          "m2": {
            "js": 0.013072029513149952,
            "k_xy": 0.8702552148436119,
            "c_xy": 0.9478798964729681
          }
        }
      }
    },
    "10": {
      "K": 10,
      "clusters": [
        "46",
        "63",
        "58",
        "27",
        "22",
        "20",
        "61",
        "53",
        "56",
        "48"
      ],
      "summary": {
        "M0": {
          "js": 0.026903879726243737,
          "k_xy": 0.8582202553045909,
          "c_xy": 0.9230903263963764
        },
        "M1": {
          "js": 0.027524404823064008,
          "k_xy": 0.8440623467715805,
          "c_xy": 0.9296505913515222
        },
        "M2": {
          "js": 0.02503832442740045,
          "k_xy": 0.8513979722164459,
          "c_xy": 0.9346556407287784
        }
      },
      "per_q": {
        "8.0/qsingle_3": {
          "true": [
            232.0,
            263.0,
            123.0,
            119.0,
            153.0
          ],
          "m0": {
            "js": 0.01339630466296575,
            "k_xy": 0.8521291437430182,
            "c_xy": 0.9493971964510136
          },
          "m1": {
            "js": 0.003616201775708674,
            "k_xy": 0.9423683889945424,
            "c_xy": 0.9877554930613774
          },
          "m2": {
            "js": 0.006582689037025378,
            "k_xy": 0.8972487663687804,
            "c_xy": 0.9763858662085643
          }
        },
        "8.0/qsingle_4": {
          "true": [
            303.0,
            157.0,
            275.0,
            138.0,
            17.0
          ],
          "m0": {
            "js": 0.046018964395727814,
            "k_xy": 0.8338682001182672,
            "c_xy": 0.8871649427904595
          },
          "m1": {
            "js": 0.04928267172208977,
            "k_xy": 0.7878149057023064,
            "c_xy": 0.8964178046864231
          },
          "m2": {
            "js": 0.04621224400927988,
            "k_xy": 0.8108415529102869,
            "c_xy": 0.8973405548186919
          }
        },
        "9.0/qsingle_3": {
          "true": [
            183.0,
            248.0,
            269.0,
            170.0,
            14.0
          ],
          "m0": {
            "js": 0.019823320165945502,
            "k_xy": 0.9154478343754446,
            "c_xy": 0.968149626347587
          },
          "m1": {
            "js": 0.04595212693365212,
            "k_xy": 0.8165349702376119,
            "c_xy": 0.9149404872116806
          },
          "m2": {
            "js": 0.031934656804374295,
            "k_xy": 0.8659914023065282,
            "c_xy": 0.9477519842920791
          }
        },
        "9.0/qsingle_4": {
          "true": [
            254.0,
            100.0,
            152.0,
            258.0,
            120.0
          ],
          "m0": {
            "js": 0.017301093083313387,
            "k_xy": 0.9295391495435319,
            "c_xy": 0.939530379880125
          },
          "m1": {
            "js": 0.03113678376426417,
            "k_xy": 0.7740224203508863,
            "c_xy": 0.8891814071263193
          },
          "m2": {
            "js": 0.01919946050198447,
            "k_xy": 0.8533208120173708,
            "c_xy": 0.9317808313467411
          }
        },
        "9.0/qsingle_5": {
          "true": [
            176.0,
            327.0,
            303.0,
            77.0
          ],
          "m0": {
            "js": 0.04683781222226918,
            "k_xy": 0.7614409808424114,
            "c_xy": 0.864961943906083
          },
          "m1": {
            "js": 0.02505174766506617,
            "k_xy": 0.8573180789427193,