{
  "config": {
    "seed": 789,
    "device": "cuda:0",
    "top_k": 10,
    "n_posts": 50,
    "n_samples": 3,
    "ensemble_w": 0.5,
    "output_dir": "/data/chenhongrui/business/results/seeds"
  },
  "top_clusters": [
    "46",
    "63",
    "58",
    "27",
    "22",
    "20",
    "61",
    "53",
    "56",
    "48"
  ],
  "per_question": {
    "8.0/qsingle_3": {
      "question": "请问您认为哪个季节容易发生肠胃感冒?",
      "options": [
        "全年",
        "夏",
        "冬",
        "秋",
        "春"
      ],
      "true": [
        232.0,
        263.0,
        123.0,
        119.0,
        153.0
      ],
      "pred_m0": [
        0.17598854188174068,
        0.2283526232926401,
        0.14276523280762415,
        0.21806382981135947,
        0.23482977220663556
      ],
      "pred_m1": [
        0.205295202064619,
        0.24940639064498552,
        0.186975357409267,
        0.18110313200946215,
        0.17721991787166644
      ],
      "pred_m2": [
        0.19064187197317983,
        0.2388795069688128,
        0.16487029510844556,
        0.1995834809104108,
        0.206024845039151
      ],
      "m0": {
        "js": 0.013858540274671299,
        "k_xy": 0.8481613898530478,
        "c_xy": 0.9474135798008102
      },
      "m1": {
        "js": 0.006272082270620877,
        "k_xy": 0.8985218173832354,
        "c_xy": 0.9777565831094326
      },
      "m2": {
        "js": 0.00886565938098906,
        "k_xy": 0.8733416036181417,
        "c_xy": 0.9672287994843706
      }
    },
    "8.0/qsingle_4": {
      "question": "请问您发生肠胃感冒的场景往往是? ",
      "options": [
        "冷热刺激(高温乘凉不当、猛吹空调等)",
        "天气变化大",
        "饮食不良(喜吃辛辣、冰饮等)",
        "病毒感染",
        "其他"
      ],
      "true": [
        303.0,
        157.0,
        275.0,
        138.0,
        17.0
      ],
      "pred_m0": [
        0.24310787869755968,
        0.26641452119931347,
        0.1469598702434732,
        0.22284867093748315,
        0.12066905892217049
      ],
      "pred_m1": [
        0.24321625618812098,
        0.19134129705420053,
        0.2007328428201081,
        0.1971227540616661,
        0.16758684987590436
      ],
      "pred_m2": [
        0.24316206744284036,
        0.228877909126757,
        0.17384635653179062,
        0.20998571249957465,
        0.14412795439903742
      ],
      "m0": {
        "js": 0.04702214953508679,
        "k_xy": 0.8306395734454846,
        "c_xy": 0.8832738908766772
      },
      "m1": {
        "js": 0.04515567805500477,
        "k_xy": 0.8094476993696871,
        "c_xy": 0.9122552615392855
      },
      "m2": {
        "js": 0.04454725004922335,
        "k_xy": 0.8200436364075858,
        "c_xy": 0.903598753176966
      }
    },
    "9.0/qsingle_3": {
      "question": "请问您觉得产生湿气的原因是? ",
      "options": [
        "体质问题",
        "久坐不运动",
        "爱吃冷饮、火锅",
        "环境潮湿",
        "其他"
      ],
      "true": [
        183.0,
        248.0,
        269.0,
        170.0,
        14.0
      ],
      "pred_m0": [
        0.2502125532324161,
        0.20766489826225723,
        0.2497787135383429,
        0.20046700403101647,
        0.0918768309359673
      ],
      "pred_m1": [
        0.2020383715085082,
        0.1973944399863703,
        0.1834066706390711,
        0.2578358375404285,
        0.15932468032562197
      ],
      "pred_m2": [
        0.22612546237046216,
        0.2025296691243138,
        0.216592692088707,
        0.22915142078572248,
        0.1256007556307946
      ],
      "m0": {
        "js": 0.019981915221735837,
        "k_xy": 0.9158009613423411,
        "c_xy": 0.9684806231254401
      },
      "m1": {
        "js": 0.047739673462705245,
        "k_xy": 0.7909842784557563,
        "c_xy": 0.902930589116513
      },
      "m2": {
        "js": 0.03211343137990173,
        "k_xy": 0.8533926198990488,
        "c_xy": 0.9443075516943341
      }
    },
    "9.0/qsingle_4": {
      "question": "您觉得湿气重更容易发生在哪个季节?",
      "options": [
        "夏",
        "秋",
        "春",
        "全年",
        "冬"
      ],
      "true": [
        254.0,
        100.0,
        152.0,
        258.0,
        120.0
      ],
      "pred_m0": [
        0.24862850876204262,
        0.21530327102069194,
        0.17680942731373508,
        0.17840237888717547,
        0.1808564140163549
      ],
      "pred_m1": [
        0.38247852603876936,
        0.16929651127715106,
        0.14485272720166453,
        0.14794637782336223,
        0.15542585765905287
      ],
      "pred_m2": [
        0.31555351740040605,
        0.19229989114892151,
        0.1608310772576998,
        0.16317437835526888,
        0.16814113583770388
      ],
      "m0": {
        "js": 0.017320539522564887,
        "k_xy": 0.9316569830128534,
        "c_xy": 0.9393904887003651
      },
      "m1": {
        "js": 0.0191070855907209,
        "k_xy": 0.8486774514270399,
        "c_xy": 0.9280321516921014
      },
      "m2": {
        "js": 0.015701748532308067,
        "k_xy": 0.8925990801892405,
        "c_xy": 0.9446798099931699
      }
    },
    "9.0/qsingle_5": {
      "question": "您一般用什么方法来缓解湿气重的症状?",
      "options": [
        "不在意",
        "饮食调理",
        "刮痧、蒸桑拿、运动等",
        "对症中药"
      ],
      "true": [
        176.0,
        327.0,
        303.0,
        77.0
      ],
      "pred_m0": [
        0.13961296951784852,
        0.30655377218239976,
        0.22354758369341426,
        0.33028567460633745
      ],
      "pred_m1": [
        0.24935468611959385,
        0.255516833771167,
        0.25084298417376605,
        0.24428549593547297
      ],
      "pred_m2": [
        0.1944838278187212,
        0.2810353029767834,
        0.23719528393359016,
        0.28728558527090525
      ],
      "m0": {
        "js": 0.048222897973939985,
        "k_xy": 0.7569170433334861,
        "c_xy": 0.8601746645013015
      },
      "m1": {
        "js": 0.02967095330361268,
        "k_xy": 0.8429172219957505,
        "c_xy": 0.9155880738157081
      },
      "m2": {
        "js": 0.03611693662338809,
        "k_xy": 0.7999171326646183,
        "c_xy": 0.8969124584724204
      }
    },
    "11.0/qsingle_3": {
      "question": "请问您需要预防中暑的场景往往是? ",
      "options": [
        "出⻔旅游，随身带防暑产品",
        "空调吹多了，有头痛、昏重症状",
        "天热⻋里常备，以防⻓时间开⻋引发不适",
        "天气炎热，出⻔前防暑",
        "温差大，从空调室内一下子到户外，感觉要中暑/轻微中暑"
      ],
      "true": [
        143.0,
        110.0,
        120.0,
        177.0,
        231.0
      ],
      "pred_m0": [
        0.1877802562496841,
        0.20460332560187974,
        0.2294312583066086,
        0.22527863831685205,
        0.15290652152497544
      ],
      "pred_m1": [
        0.20817925721173725,
        0.2074951040885347,
        0.19323080663897665,
        0.20216487605830966,
        0.18892995600244183
      ],
      "pred_m2": [
        0.19797975673071067,
        0.20604921484520722,
        0.21133103247279264,
        0.21372175718758088,
        0.17091823876370862
      ],
      "m0": {
        "js": 0.018320702562762595,
        "k_xy": 0.8557779896095147,
        "c_xy": 0.9283172870366122
      },
      "m1": {
        "js": 0.011027551486287014,
        "k_xy": 0.8686876618271476,
        "c_xy": 0.955839471470622
      },
      "m2": {
        "js": 0.014064336152672375,
        "k_xy": 0.8622328257183313,
        "c_xy": 0.9440929695038216
      }
    }
  },
  "summary": {
    "M0": 0.0274544575151269,
    "M1": 0.02649550402815858,
    "M2": 0.025234893686413785
  }
}