{
  "config": {
    "seed": 42,
    "device": "cuda:0",
    "top_k": 10,
    "n_posts": 50,
    "n_samples": 3,
    "ensemble_w": 0.5,
    "output_dir": "/data/chenhongrui/business/results/seeds"
  },
  "top_clusters": [
    "46",
    "63",
    "58",
    "27",
    "22",
    "20",
    "61",
    "53",
    "56",
    "48"
  ],
  "per_question": {
    "8.0/qsingle_3": {
      "question": "请问您认为哪个季节容易发生肠胃感冒?",
      "options": [
        "全年",
        "夏",
        "冬",
        "秋",
        "春"
      ],
      "true": [
        232.0,
        263.0,
        123.0,
        119.0,
        153.0
      ],
      "pred_m0": [
        0.17680091289270314,
        0.23150800617204487,
        0.14144786457197275,
        0.21888145300548678,
        0.23136176335779243
      ],
      "pred_m1": [
        0.20706817410628447,
        0.22682648722600884,
        0.1929172580211253,
        0.18825709568099186,
        0.18493098496558963
      ],
      "pred_m2": [
        0.19193454349949376,
        0.22916724669902686,
        0.16718256129654901,
        0.2035692743432393,
        0.208146374161691
      ],
      "m0": {
        "js": 0.01339630466296575,
        "k_xy": 0.8521291437430182,
        "c_xy": 0.9493971964510136
      },
      "m1": {
        "js": 0.00851461357639606,
        "k_xy": 0.877714886008005,
        "c_xy": 0.9686939646709575
      },
      "m2": {
        "js": 0.009920215933988044,
        "k_xy": 0.8649220148755117,
        "c_xy": 0.9629210869399158
      }
    },
    "8.0/qsingle_4": {
      "question": "请问您发生肠胃感冒的场景往往是? ",
      "options": [
        "冷热刺激(高温乘凉不当、猛吹空调等)",
        "天气变化大",
        "饮食不良(喜吃辛辣、冰饮等)",
        "病毒感染",
        "其他"
      ],
      "true": [
        303.0,
        157.0,
        275.0,
        138.0,
        17.0
      ],
      "pred_m0": [
        0.24820904490148574,
        0.26429687343602465,
        0.14720497847594124,
        0.2198458697453363,
        0.12044323344121204
      ],
      "pred_m1": [
        0.21864526497434522,
        0.19592664957246525,
        0.21166828425043063,
        0.2045974717563222,
        0.16916232944643672
      ],
      "pred_m2": [
        0.23342715493791558,
        0.23011176150424492,
        0.17943663136318597,
        0.21222167075082926,
        0.14480278144382436
      ],
      "m0": {
        "js": 0.046018964395727814,
        "k_xy": 0.8338682001182672,
        "c_xy": 0.8871649427904595
      },
      "m1": {
        "js": 0.04757541424297608,
        "k_xy": 0.8003975021054036,
        "c_xy": 0.9028251054106985
      },
      "m2": {
        "js": 0.04503040177746602,
        "k_xy": 0.8171328511118352,
        "c_xy": 0.9013941576127208
      }
    },
    "9.0/qsingle_3": {
      "question": "请问您觉得产生湿气的原因是? ",
      "options": [
        "体质问题",
        "久坐不运动",
        "爱吃冷饮、火锅",
        "环境潮湿",
        "其他"
      ],
      "true": [
        183.0,
        248.0,
        269.0,
        170.0,
        14.0
      ],
      "pred_m0": [
        0.25176980517706493,
        0.2094741773890691,
        0.2460590554999502,
        0.20195648838255276,
        0.09074047355136297
      ],
      "pred_m1": [
        0.20952472849457204,
        0.19680191334165048,
        0.20538706193552284,
        0.206696336583686,
        0.18158995964456867
      ],
      "pred_m2": [
        0.23064726683581854,
        0.20313804536535982,
        0.22572305871773649,
        0.20432641248311942,
        0.13616521659796585
      ],
      "m0": {
        "js": 0.019823320165945502,
        "k_xy": 0.9154478343754446,
        "c_xy": 0.968149626347587
      },
      "m1": {
        "js": 0.04950696798373001,
        "k_xy": 0.8198585000906645,
        "c_xy": 0.9073327105912067
      },
      "m2": {
        "js": 0.03372438251455447,
        "k_xy": 0.8676531672330545,
        "c_xy": 0.9449023369978252
      }
    },
    "9.0/qsingle_4": {
      "question": "您觉得湿气重更容易发生在哪个季节?",
      "options": [
        "夏",
        "秋",
        "春",
        "全年",
        "冬"
      ],
      "true": [
        254.0,
        100.0,
        152.0,
        258.0,
        120.0
      ],
      "pred_m0": [
        0.25129673697307503,
        0.21653654807763556,
        0.17502575551529226,
        0.17811807368887922,
        0.17902288574511788
      ],
      "pred_m1": [
        0.39297239343950524,
        0.1719845927694023,
        0.1569663661222126,
        0.139927458758981,
        0.1381491889098988
      ],
      "pred_m2": [
        0.3221345652062902,
        0.1942605704235189,
        0.16599606081875246,
        0.1590227662239301,
        0.15858603732750837
      ],
      "m0": {
        "js": 0.017301093083313387,
        "k_xy": 0.9295391495435319,
        "c_xy": 0.939530379880125
      },
      "m1": {
        "js": 0.02100862315283963,
        "k_xy": 0.8354955025353707,
        "c_xy": 0.920990314353607
      },
      "m2": {
        "js": 0.016315338402064714,
        "k_xy": 0.8840573531096132,
        "c_xy": 0.9421674389916167
      }
    },
    "9.0/qsingle_5": {
      "question": "您一般用什么方法来缓解湿气重的症状?",
      "options": [
        "不在意",
        "饮食调理",
        "刮痧、蒸桑拿、运动等",
        "对症中药"
      ],
      "true": [
        176.0,
        327.0,
        303.0,
        77.0
      ],
      "pred_m0": [
        0.14123386271135793,
        0.30866150960988764,
        0.22434289058179463,
        0.32576173709695966
      ],
      "pred_m1": [
        0.23862447390650365,
        0.2609148922334972,
        0.25515271488719654,
        0.2453079189728027
      ],
      "pred_m2": [
        0.1899291683089308,
        0.28478820092169244,
        0.23974780273449553,
        0.2855348280348812
      ],
      "m0": {
        "js": 0.04683781222226918,
        "k_xy": 0.7614409808424114,
        "c_xy": 0.864961943906083
      },
      "m1": {
        "js": 0.028471133523403164,
        "k_xy": 0.841894798958523,
        "c_xy": 0.920355245215458
      },
      "m2": {
        "js": 0.035261814954722887,
        "k_xy": 0.8016678899004671,
        "c_xy": 0.9002152931083485
      }
    },
    "11.0/qsingle_3": {
      "question": "请问您需要预防中暑的场景往往是? ",
      "options": [
        "出⻔旅游，随身带防暑产品",
        "空调吹多了，有头痛、昏重症状",
        "天热⻋里常备，以防⻓时间开⻋引发不适",
        "天气炎热，出⻔前防暑",
        "温差大，从空调室内一下子到户外，感觉要中暑/轻微中暑"
      ],
      "true": [
        143.0,
        110.0,
        120.0,
        177.0,
        231.0
      ],
      "pred_m0": [
        0.1896149524603051,
        0.20158508341209472,
        0.22851491677021638,
        0.2276141763499215,
        0.1526708710074622
      ],
      "pred_m1": [
        0.20205765134971979,
        0.19420529789961297,
        0.1856119322664938,
        0.2166179987534005,
        0.2015071197307731
      ],
      "pred_m2": [
        0.19583630190501242,
        0.19789519065585384,
        0.2070634245183551,
        0.22211608755166098,
        0.17708899536911762
      ],
      "m0": {
        "js": 0.018045783827240786,
        "k_xy": 0.8568962232048712,
        "c_xy": 0.9293378690029912
      },
      "m1": {
        "js": 0.007672154543762168,
        "k_xy": 0.8957179482478668,
        "c_xy": 0.9689127317728418
      },
      "m2": {
        "js": 0.012044234128982,
        "k_xy": 0.876797912686364,
        "c_xy": 0.9517175569043841
      }
    }
  },
  "summary": {
    "M0": 0.026903879726243737,
    "M1": 0.027124817837184515,
    "M2": 0.025382731285296358
  }
}