{
  "config": {
    "seed": 123,
    "device": "cuda:0",
    "top_k": 10,
    "n_posts": 50,
    "n_samples": 3,
    "ensemble_w": 0.5,
    "output_dir": "/data/chenhongrui/business/results/seeds"
  },
  "top_clusters": [
    "46",
    "63",
    "58",
    "27",
    "22",
    "20",
    "61",
    "53",
    "56",
    "48"
  ],
  "per_question": {
    "8.0/qsingle_3": {
      "question": "请问您认为哪个季节容易发生肠胃感冒?",
      "options": [
        "全年",
        "夏",
        "冬",
        "秋",
        "春"
      ],
      "true": [
        232.0,
        263.0,
        123.0,
        119.0,
        153.0
      ],
      "pred_m0": [
        0.17823467891725828,
        0.23057933573522293,
        0.14207133283049142,
        0.2182387068046953,
        0.23087594571233203
      ],
      "pred_m1": [
        0.2076276369509602,
        0.22242732297919846,
        0.1845663434779588,
        0.1906485971563885,
        0.1947300994354941
      ],
      "pred_m2": [
        0.19293115793410925,
        0.22650332935721074,
        0.16331883815422513,
        0.20444365198054193,
        0.21280302257391304
      ],
      "m0": {
        "js": 0.013207363980901981,
        "k_xy": 0.8526342393307009,
        "c_xy": 0.9500452737075841
      },
      "m1": {
        "js": 0.008629877061254133,
        "k_xy": 0.8738751846062542,
        "c_xy": 0.9679053382817844
      },
      "m2": {
        "js": 0.01016474405067408,
        "k_xy": 0.8632547119684777,
        "c_xy": 0.9617422519731311
      }
    },
    "8.0/qsingle_4": {
      "question": "请问您发生肠胃感冒的场景往往是? ",
      "options": [
        "冷热刺激(高温乘凉不当、猛吹空调等)",
        "天气变化大",
        "饮食不良(喜吃辛辣、冰饮等)",
        "病毒感染",
        "其他"
      ],
      "true": [
        303.0,
        157.0,
        275.0,
        138.0,
        17.0
      ],
      "pred_m0": [
        0.24520225963940057,
        0.2644901687282019,
        0.14953553721898985,
        0.21854215615307498,
        0.1222298782603327
      ],
      "pred_m1": [
        0.223320992794585,
        0.21549654860369424,
        0.20043860317664303,
        0.1827255688938166,
        0.17801828653126112
      ],
      "pred_m2": [
        0.23426162621699276,
        0.2399933586659481,
        0.17498707019781645,
        0.20063386252344578,
        0.15012408239579692
      ],
      "m0": {
        "js": 0.04617943981636179,
        "k_xy": 0.8333852688914561,
        "c_xy": 0.8870444084599358
      },
      "m1": {
        "js": 0.05045168537288898,
        "k_xy": 0.8134134478817832,
        "c_xy": 0.8955110227845243
      },
      "m2": {
        "js": 0.047056953330747754,
        "k_xy": 0.8233993583866197,
        "c_xy": 0.8964118724925513
      }
    },
    "9.0/qsingle_3": {
      "question": "请问您觉得产生湿气的原因是? ",
      "options": [
        "体质问题",
        "久坐不运动",
        "爱吃冷饮、火锅",
        "环境潮湿",
        "其他"
      ],
      "true": [
        183.0,
        248.0,
        269.0,
        170.0,
        14.0
      ],
      "pred_m0": [
        0.2492477079808328,
        0.20817019159858396,
        0.24827818577495964,
        0.20164277428797428,
        0.09266114035764936
      ],
      "pred_m1": [
        0.2,
        0.21343293194966215,
        0.21453170420246004,
        0.19328353402516896,
        0.17875182982270893
      ],
      "pred_m2": [
        0.22462385399041637,
        0.2108015617741231,
        0.23140494498870984,
        0.19746315415657162,
        0.13570648509017913
      ],
      "m0": {
        "js": 0.020199700780156513,
        "k_xy": 0.9138408816638973,
        "c_xy": 0.9681953849615177
      },
      "m1": {
        "js": 0.046207898285371495,
        "k_xy": 0.8361094324694163,
        "c_xy": 0.919179226347573
      },
      "m2": {
        "js": 0.032314502842884785,
        "k_xy": 0.8749751570666567,
        "c_xy": 0.9503056912814127
      }
    },
    "9.0/qsingle_4": {
      "question": "您觉得湿气重更容易发生在哪个季节?",
      "options": [
        "夏",
        "秋",
        "春",
        "全年",
        "冬"
      ],
      "true": [
        254.0,
        100.0,
        152.0,
        258.0,
        120.0
      ],
      "pred_m0": [
        0.2504415870584809,
        0.21601971983122564,
        0.17651777046986694,
        0.17785198463652263,
        0.17916893800390382
      ],
      "pred_m1": [
        0.29007318007103244,
        0.19194628220420812,
        0.17772107440827337,
        0.17376333715975595,
        0.16649612615673015
      ],
      "pred_m2": [
        0.2702573835647567,
        0.20398300101771685,
        0.17711942243907017,
        0.17580766089813932,
        0.17283253208031701
      ],
      "m0": {
        "js": 0.017315194073246377,
        "k_xy": 0.9294191127499732,
        "c_xy": 0.9394343096747464
      },
      "m1": {
        "js": 0.013530595479892098,
        "k_xy": 0.912657653427709,
        "c_xy": 0.9526391286202726
      },
      "m2": {
        "js": 0.015142488496772955,
        "k_xy": 0.921038383088841,
        "c_xy": 0.9473905109099166
      }
    },
    "9.0/qsingle_5": {
      "question": "您一般用什么方法来缓解湿气重的症状?",
      "options": [
        "不在意",
        "饮食调理",
        "刮痧、蒸桑拿、运动等",
        "对症中药"
      ],
      "true": [
        176.0,
        327.0,
        303.0,
        77.0
      ],
      "pred_m0": [
        0.13939343896880435,
        0.30917547101611265,
        0.2261355107419097,
        0.32529557927317326
      ],
      "pred_m1": [
        0.23026402573361557,
        0.2619810140236649,
        0.26135971214954457,
        0.24639524809317492
      ],
      "pred_m2": [
        0.18482873235120997,
        0.2855782425198887,
        0.2437476114457271,
        0.28584541368317407
      ],
      "m0": {
        "js": 0.04667445513727877,
        "k_xy": 0.7619071386661511,
        "c_xy": 0.8658647805336498
      },
      "m1": {
        "js": 0.02778445580875325,
        "k_xy": 0.8408074698382595,
        "c_xy": 0.9231239691087185
      },
      "m2": {
        "js": 0.0349723951599273,
        "k_xy": 0.8013573042522054,
        "c_xy": 0.9014992808211915
      }
    },
    "11.0/qsingle_3": {
      "question": "请问您需要预防中暑的场景往往是? ",
      "options": [
        "出⻔旅游，随身带防暑产品",
        "空调吹多了，有头痛、昏重症状",
        "天热⻋里常备，以防⻓时间开⻋引发不适",
        "天气炎热，出⻔前防暑",
        "温差大，从空调室内一下子到户外，感觉要中暑/轻微中暑"
      ],
      "true": [
        143.0,
        110.0,
        120.0,
        177.0,
        231.0
      ],
      "pred_m0": [
        0.18974891283478215,
        0.20355093701074464,
        0.22651427593987503,
        0.22749573469032322,
        0.15269013952427493
      ],
      "pred_m1": [
        0.2100909708566484,
        0.17119849276826318,
        0.17177305382200775,
        0.24717425476007998,
        0.19976322779300065
      ],
      "pred_m2": [
        0.1999199418457153,
        0.1873747148895039,
        0.1991436648809414,
        0.2373349947252016,
        0.17622668365863783
      ],
      "m0": {
        "js": 0.0180284107989617,
        "k_xy": 0.8569154917216819,
        "c_xy": 0.9294617895559064
      },
      "m1": {
        "js": 0.006358263969183212,
        "k_xy": 0.9039885799857001,
        "c_xy": 0.9727100049414591
      },
      "m2": {
        "js": 0.011024704346519875,
        "k_xy": 0.8804520358536911,
        "c_xy": 0.9552333316878718
      }
    }
  },
  "summary": {
    "M0": 0.026934094097817853,
    "M1": 0.025493795996223863,
    "M2": 0.025112631371254454
  }
}