{
  "config": {
    "seed": 1024,
    "device": "cuda:0",
    "top_k": 10,
    "n_posts": 50,
    "n_samples": 3,
    "ensemble_w": 0.5,
    "output_dir": "/data/chenhongrui/business/results/seeds"
  },
  "top_clusters": [
    "46",
    "63",
    "58",
    "27",
    "22",
    "20",
    "61",
    "53",
    "56",
    "48"
  ],
  "per_question": {
    "8.0/qsingle_3": {
      "question": "请问您认为哪个季节容易发生肠胃感冒?",
      "options": [
        "全年",
        "夏",
        "冬",
        "秋",
        "春"
      ],
      "true": [
        232.0,
        263.0,
        123.0,
        119.0,
        153.0
      ],
      "pred_m0": [
        0.1765776366023251,
        0.23026059104496274,
        0.14222925413156096,
        0.21848376692486127,
        0.23244875129628986
      ],
      "pred_m1": [
        0.22555317520732532,
        0.2934966884170894,
        0.1681727646689321,
        0.15487431682483796,
        0.15790305488181508
      ],
      "pred_m2": [
        0.20106540590482522,
        0.2618786397310262,
        0.15520100940024656,
        0.1866790418748496,
        0.19517590308905247
      ],
      "m0": {
        "js": 0.01353916933621914,
        "k_xy": 0.8506584523257052,
        "c_xy": 0.9487686531449603
      },
      "m1": {
        "js": 0.0019078345092958496,
        "k_xy": 0.9628700882916108,
        "c_xy": 0.9937747885132774
      },
      "m2": {
        "js": 0.005251505440329066,
        "k_xy": 0.906764270308658,
        "c_xy": 0.9812197703156269
      }
    },
    "8.0/qsingle_4": {
      "question": "请问您发生肠胃感冒的场景往往是? ",
      "options": [
        "冷热刺激(高温乘凉不当、猛吹空调等)",
        "天气变化大",
        "饮食不良(喜吃辛辣、冰饮等)",
        "病毒感染",
        "其他"
      ],
      "true": [
        303.0,
        157.0,
        275.0,
        138.0,
        17.0
      ],
      "pred_m0": [
        0.2476589777963924,
        0.2625706095379663,
        0.148905827567945,
        0.21894974776110196,
        0.12191483733659421
      ],
      "pred_m1": [
        0.22256338285270505,
        0.19482686206563604,
        0.20486120691091203,
        0.22098698015979248,
        0.15676156801095448
      ],
      "pred_m2": [
        0.23511118032454872,
        0.22869873580180117,
        0.17688351723942852,
        0.2199683639604473,
        0.13933820267377434
      ],
      "m0": {
        "js": 0.04587232598183511,
        "k_xy": 0.8332927182071767,
        "c_xy": 0.8883159398403775
      },
      "m1": {
        "js": 0.04539765018979404,
        "k_xy": 0.7964087551378144,
        "c_xy": 0.9054741851629531
      },
      "m2": {
        "js": 0.04421135279590978,
        "k_xy": 0.8148507366724956,
        "c_xy": 0.9018439887260815
      }
    },
    "9.0/qsingle_3": {
      "question": "请问您觉得产生湿气的原因是? ",
      "options": [
        "体质问题",
        "久坐不运动",
        "爱吃冷饮、火锅",
        "环境潮湿",
        "其他"
      ],
      "true": [
        183.0,
        248.0,
        269.0,
        170.0,
        14.0
      ],
      "pred_m0": [
        0.25277678315329877,
        0.20810156075852534,
        0.24614211323833274,
        0.20072731687480622,
        0.092252225975037
      ],
      "pred_m1": [
        0.22703499527446064,
        0.2088236753342474,
        0.21382082661876506,
        0.19939694134872907,
        0.15092356142379795
      ],
      "pred_m2": [
        0.23990588921387968,
        0.20846261804638633,
        0.22998146992854887,
        0.20006212911176766,
        0.12158789369941746
      ],
      "m0": {
        "js": 0.020364147749400142,
        "k_xy": 0.9151652534595454,
        "c_xy": 0.9671325602804773
      },
      "m1": {
        "js": 0.038493456828966426,
        "k_xy": 0.8578242935425956,
        "c_xy": 0.9347913451482255
      },
      "m2": {
        "js": 0.02897711488046615,
        "k_xy": 0.8864947735010704,
        "c_xy": 0.9540287674795797
      }
    },
    "9.0/qsingle_4": {
      "question": "您觉得湿气重更容易发生在哪个季节?",
      "options": [
        "夏",
        "秋",
        "春",
        "全年",
        "冬"
      ],
      "true": [
        254.0,
        100.0,
        152.0,
        258.0,
        120.0
      ],
      "pred_m0": [
        0.2508684618235362,
        0.21541663484889909,
        0.1758260307186893,
        0.17804695317029806,
        0.17984191943857736
      ],
      "pred_m1": [
        0.28731100462242304,
        0.19186534405074468,
        0.17819405280405562,
        0.17920549803942565,
        0.163424100483351
      ],
      "pred_m2": [
        0.26908973322297963,
        0.20364098944982187,
        0.17701004176137247,
        0.17862622560486185,
        0.17163300996096414
      ],
      "m0": {
        "js": 0.017230735938665472,
        "k_xy": 0.9302870627183353,
        "c_xy": 0.9397734530356567
      },
      "m1": {
        "js": 0.01261002059134116,
        "k_xy": 0.9150277886337626,
        "c_xy": 0.9559402434498331
      },
      "m2": {
        "js": 0.014655373608386547,
        "k_xy": 0.9226574256760489,
        "c_xy": 0.9491275622777474
      }
    },
    "9.0/qsingle_5": {
      "question": "您一般用什么方法来缓解湿气重的症状?",
      "options": [
        "不在意",
        "饮食调理",
        "刮痧、蒸桑拿、运动等",
        "对症中药"
      ],
      "true": [
        176.0,
        327.0,
        303.0,
        77.0
      ],
      "pred_m0": [
        0.14293938126298739,
        0.30429350249002474,
        0.2253518539198576,
        0.3274152623271302
      ],
      "pred_m1": [
        0.22719729991227477,
        0.247962088330536,
        0.2509579629297423,
        0.2738826488274468
      ],
      "pred_m2": [
        0.18506834058763108,
        0.2761277954102804,
        0.23815490842479997,
        0.30064895557728843
      ],
      "m0": {
        "js": 0.047157354301600944,
        "k_xy": 0.7597874556124061,
        "c_xy": 0.8632621633409756
      },
      "m1": {
        "js": 0.03547909564424325,
        "k_xy": 0.8133200691067362,
        "c_xy": 0.8970304725311603
      },
      "m2": {
        "js": 0.039407547919153935,
        "k_xy": 0.7865537623595713,
        "c_xy": 0.8855324937920419
      }
    },
    "11.0/qsingle_3": {
      "question": "请问您需要预防中暑的场景往往是? ",
      "options": [
        "出⻔旅游，随身带防暑产品",
        "空调吹多了，有头痛、昏重症状",
        "天热⻋里常备，以防⻓时间开⻋引发不适",
        "天气炎热，出⻔前防暑",
        "温差大，从空调室内一下子到户外，感觉要中暑/轻微中暑"
      ],
      "true": [
        143.0,
        110.0,
        120.0,
        177.0,
        231.0
      ],
      "pred_m0": [
        0.18776338332469666,
        0.20206526824968812,
        0.22907820137983884,
        0.2275667794499502,
        0.1535263675958262
      ],
      "pred_m1": [
        0.2034338916198933,
        0.21268795783813416,
        0.19519461716811748,
        0.2040860646858114,
        0.1845974686880437
      ],
      "pred_m2": [
        0.195598637472295,
        0.2073766130439111,
        0.21213640927397814,
        0.21582642206788086,
        0.16906191814193494
      ],
      "m0": {
        "js": 0.01795814747777707,
        "k_xy": 0.8577517197931496,
        "c_xy": 0.9296271938575892
      },
      "m1": {
        "js": 0.011969486976519832,
        "k_xy": 0.8662763631404925,
        "c_xy": 0.952195080807869
      },
      "m2": {
        "js": 0.014460303040391186,
        "k_xy": 0.8624811699768327,
        "c_xy": 0.9426175878281691
      }
    }
  },
  "summary": {
    "M0": 0.027020313464249646,
    "M1": 0.02430959079002676,
    "M2": 0.02449386628077278
  }
}