{
  "config": {
    "seed": 456,
    "device": "cuda:0",
    "top_k": 10,
    "n_posts": 50,
    "n_samples": 3,
    "ensemble_w": 0.5,
    "output_dir": "/data/chenhongrui/business/results/seeds"
  },
  "top_clusters": [
    "46",
    "63",
    "58",
    "27",
    "22",
    "20",
    "61",
    "53",
    "56",
    "48"
  ],
  "per_question": {
    "8.0/qsingle_3": {
      "question": "请问您认为哪个季节容易发生肠胃感冒?",
      "options": [
        "全年",
        "夏",
        "冬",
        "秋",
        "春"
      ],
      "true": [
        232.0,
        263.0,
        123.0,
        119.0,
        153.0
      ],
      "pred_m0": [
        0.17904724497735208,
        0.22862460140513086,
        0.14283822477776495,
        0.21767460510565156,
        0.23181532373410044
      ],
      "pred_m1": [
        0.21440344601867364,
        0.24699357529955815,
        0.18787250311450027,
        0.16902872435182914,
        0.18170175121543888
      ],
      "pred_m2": [
        0.19672534549801285,
        0.23780908835234454,
        0.16535536394613265,
        0.19335166472874035,
        0.20675853747476966
      ],
      "m0": {
        "js": 0.013264232342678924,
        "k_xy": 0.8514920710608169,
        "c_xy": 0.9496936137672399
      },
      "m1": {
        "js": 0.005213715847085836,
        "k_xy": 0.9052172459911931,
        "c_xy": 0.9813620897553571
      },
      "m2": {
        "js": 0.007951446862464738,
        "k_xy": 0.878354658526005,
        "c_xy": 0.9705294159269733
      }
    },
    "8.0/qsingle_4": {
      "question": "请问您发生肠胃感冒的场景往往是? ",
      "options": [
        "冷热刺激(高温乘凉不当、猛吹空调等)",
        "天气变化大",
        "饮食不良(喜吃辛辣、冰饮等)",
        "病毒感染",
        "其他"
      ],
      "true": [
        303.0,
        157.0,
        275.0,
        138.0,
        17.0
      ],
      "pred_m0": [
        0.24705538226964863,
        0.2617336127128772,
        0.1482376863924216,
        0.2194079708504784,
        0.1235653477745741
      ],
      "pred_m1": [
        0.20809862295094628,
        0.19953545993875405,
        0.21504669899554804,
        0.20428731139946466,
        0.17303190671528704
      ],
      "pred_m2": [
        0.22757700261029745,
        0.23063453632581568,
        0.18164219269398485,
        0.21184764112497154,
        0.14829862724493056
      ],
      "m0": {
        "js": 0.04648273284573786,
        "k_xy": 0.8311839846800314,
        "c_xy": 0.8870894093723958
      },
      "m1": {
        "js": 0.049825174981277,
        "k_xy": 0.7968380851937668,
        "c_xy": 0.8956660624748399
      },
      "m2": {
        "js": 0.0463234897024509,
        "k_xy": 0.8140110349368991,
        "c_xy": 0.8979673847572758
      }
    },
    "9.0/qsingle_3": {
      "question": "请问您觉得产生湿气的原因是? ",
      "options": [
        "体质问题",
        "久坐不运动",
        "爱吃冷饮、火锅",
        "环境潮湿",
        "其他"
      ],
      "true": [
        183.0,
        248.0,
        269.0,
        170.0,
        14.0
      ],
      "pred_m0": [
        0.2511109204552725,
        0.20692281156822528,
        0.2499516975974789,
        0.1987996931314614,
        0.09321487724756185
      ],
      "pred_m1": [
        0.20190437902021127,
        0.20570658498441657,
        0.20177953812109967,
        0.21796183457284257,
        0.17264766330142986
      ],
      "pred_m2": [
        0.22650764973774187,
        0.20631469827632093,
        0.2258656178592893,
        0.20838076385215204,
        0.13293127027449586
      ],
      "m0": {
        "js": 0.0204168675434192,
        "k_xy": 0.9161302259302688,
        "c_xy": 0.9677499025363857
      },
      "m1": {
        "js": 0.04667235802680855,
        "k_xy": 0.817535298444879,
        "c_xy": 0.9142038034886061
      },
      "m2": {
        "js": 0.03247243672448311,
        "k_xy": 0.8668327621875739,
        "c_xy": 0.9478122469308213
      }
    },
    "9.0/qsingle_4": {
      "question": "您觉得湿气重更容易发生在哪个季节?",
      "options": [
        "夏",
        "秋",
        "春",
        "全年",
        "冬"
      ],
      "true": [
        254.0,
        100.0,
        152.0,
        258.0,
        120.0
      ],
      "pred_m0": [
        0.24956381563555474,
        0.21560417379563562,
        0.1760406455173448,
        0.17836092461342237,
        0.18043044043804238
      ],
      "pred_m1": [
        0.30711785054623225,
        0.19596411171955583,
        0.16329794704444592,
        0.17452897258929342,
        0.15909111810047252
      ],
      "pred_m2": [
        0.27834083309089347,
        0.2057841427575957,
        0.16966929628089536,
        0.1764449486013579,
        0.16976077926925745
      ],
      "m0": {
        "js": 0.01729930142473686,
        "k_xy": 0.9311895551608343,
        "c_xy": 0.9394983176582117
      },
      "m1": {
        "js": 0.013761038532492262,
        "k_xy": 0.8973705264723029,
        "c_xy": 0.9516599630567604
      },
      "m2": {
        "js": 0.015001655496823276,
        "k_xy": 0.9163275128877061,
        "c_xy": 0.9480283991117857
      }
    },
    "9.0/qsingle_5": {
      "question": "您一般用什么方法来缓解湿气重的症状?",
      "options": [
        "不在意",
        "饮食调理",
        "刮痧、蒸桑拿、运动等",
        "对症中药"
      ],
      "true": [
        176.0,
        327.0,
        303.0,
        77.0
      ],
      "pred_m0": [
        0.1414615430919196,
        0.3071141668775973,
        0.2252029545451447,
        0.3262213354853385
      ],
      "pred_m1": [
        0.21556932101319023,
        0.258094271584454,
        0.25400540485882284,
        0.27233100254353293
      ],
      "pred_m2": [
        0.17851543205255496,
        0.2826042192310257,
        0.23960417970198378,
        0.29927616901443566
      ],
      "m0": {
        "js": 0.04689559463952723,
        "k_xy": 0.7609813824540786,
        "c_xy": 0.864612123040075
      },
      "m1": {
        "js": 0.03355158591806387,
        "k_xy": 0.8148717153904952,
        "c_xy": 0.9043365708667919
      },
      "m2": {
        "js": 0.03862980928359975,
        "k_xy": 0.787926548922287,
        "c_xy": 0.8888961683215879
      }
    },
    "11.0/qsingle_3": {
      "question": "请问您需要预防中暑的场景往往是? ",
      "options": [
        "出⻔旅游，随身带防暑产品",
        "空调吹多了，有头痛、昏重症状",
        "天热⻋里常备，以防⻓时间开⻋引发不适",
        "天气炎热，出⻔前防暑",
        "温差大，从空调室内一下子到户外，感觉要中暑/轻微中暑"
      ],
      "true": [
        143.0,
        110.0,
        120.0,
        177.0,
        231.0
      ],
      "pred_m0": [
        0.18734637705855314,
        0.20449553652731295,
        0.22855792253532692,
        0.22559854883889066,
        0.1540016150399161
      ],
      "pred_m1": [
        0.2115096668501774,
        0.19630290731777342,
        0.1922179544453699,
        0.20862869556741737,
        0.19134077581926195
      ],
      "pred_m2": [
        0.19942802195436532,
        0.20039922192254325,
        0.21038793849034845,
        0.21711362220315408,
        0.17267119542958906
      ],
      "m0": {
        "js": 0.018021464977813182,
        "k_xy": 0.8571929936463526,
        "c_xy": 0.9294045757520836
      },
      "m1": {
        "js": 0.009707654038240282,
        "k_xy": 0.8775623011521881,
        "c_xy": 0.9607735763884031
      },
      "m2": {
        "js": 0.013240331639546948,
        "k_xy": 0.8673776473992704,
        "c_xy": 0.9471577596527195
      }
    }
  },
  "summary": {
    "M0": 0.02706336562898554,
    "M1": 0.02645525455732797,
    "M2": 0.02560319495156145
  }
}